Date,ALLSKY_SFC_LW_DWN
1986-01-01,267.3
1986-01-02,246.3
1986-01-03,272.3
1986-01-04,265.5
1986-01-05,253.9
1986-01-06,263.4
1986-01-07,260.5
1986-01-08,259.1
1986-01-09,250.7
1986-01-10,262.9
1986-01-11,275.5
1986-01-12,283.6
1986-01-13,255.6
1986-01-14,243.9
1986-01-15,246.4
1986-01-16,257.8
1986-01-17,253.9
1986-01-18,288.6
1986-01-19,286.8
1986-01-20,269.9
1986-01-21,237.5
1986-01-22,283.6
1986-01-23,246.9
1986-01-24,265.9
1986-01-25,271.7
1986-01-26,260.1
1986-01-27,253.8
1986-01-28,239.4
1986-01-29,254.1
1986-01-30,258.7
1986-01-31,242.4
1986-02-01,256.3
1986-02-02,243.9
1986-02-03,229.3
1986-02-04,256.7
1986-02-05,252.8
1986-02-06,200.0
1986-02-07,244.7
1986-02-08,244.4
1986-02-09,272.0
1986-02-10,246.7
1986-02-11,239.8
1986-02-12,248.9
1986-02-13,244.7
1986-02-14,268.3
1986-02-15,258.3
1986-02-16,260.6
1986-02-17,275.6
1986-02-18,269.7
1986-02-19,290.2
1986-02-20,303.6
1986-02-21,274.0
1986-02-22,259.5
1986-02-23,280.4
1986-02-24,264.2
1986-02-25,239.7
1986-02-26,239.6
1986-02-27,241.8
1986-02-28,250.9
1986-03-01,266.0
1986-03-02,283.1
1986-03-03,269.2
1986-03-04,291.2
1986-03-05,271.2
1986-03-06,263.7
1986-03-07,257.4
1986-03-08,259.6
1986-03-09,266.7
1986-03-10,278.4
1986-03-11,262.0
1986-03-12,241.2
1986-03-13,267.1
1986-03-14,275.5
1986-03-15,301.0
1986-03-16,313.6
1986-03-17,290.8
1986-03-18,305.3
1986-03-19,317.4
1986-03-20,274.7
1986-03-21,298.1
1986-03-22,292.9
1986-03-23,305.9
1986-03-24,288.4
1986-03-25,316.2
1986-03-26,336.4
1986-03-27,323.6
1986-03-28,308.5
1986-03-29,320.1
1986-03-30,310.0
1986-03-31,295.8
1986-04-01,297.2
1986-04-02,255.3
1986-04-03,256.2
1986-04-04,320.3
1986-04-05,327.3
1986-04-06,340.0
1986-04-07,296.9
1986-04-08,290.2
1986-04-09,298.9
1986-04-10,298.8
1986-04-11,298.8
1986-04-12,285.8
1986-04-13,261.5
1986-04-14,266.3
1986-04-15,312.7
1986-04-16,310.2
1986-04-17,324.3
1986-04-18,292.6
1986-04-19,338.0
1986-04-20,301.7
1986-04-21,326.9
1986-04-22,310.1
1986-04-23,310.6
1986-04-24,322.7
1986-04-25,342.1
1986-04-26,349.6
1986-04-27,315.1
1986-04-28,328.1
1986-04-29,318.6
1986-04-30,348.2
1986-05-01,353.0
1986-05-02,329.0
1986-05-03,333.8
1986-05-04,341.1
1986-05-05,340.2
1986-05-06,362.0
1986-05-07,319.3
1986-05-08,336.5
1986-05-09,344.6
1986-05-10,347.7
1986-05-11,313.8
1986-05-12,330.4
1986-05-13,351.2
1986-05-14,346.1
1986-05-15,341.5
1986-05-16,376.1
1986-05-17,345.2
1986-05-18,379.8
1986-05-19,347.9
1986-05-20,336.6
1986-05-21,338.8
1986-05-22,363.7
1986-05-23,364.4
1986-05-24,357.9
1986-05-25,352.3
1986-05-26,375.1
1986-05-27,388.7
1986-05-28,371.5
1986-05-29,366.8
1986-05-30,368.6
1986-05-31,382.4
1986-06-01,365.4
1986-06-02,345.7
1986-06-03,347.1
1986-06-04,351.9
1986-06-05,345.9
1986-06-06,351.6
1986-06-07,366.4
1986-06-08,375.9
1986-06-09,363.2
1986-06-10,376.9
1986-06-11,373.2
1986-06-12,388.9
1986-06-13,371.5
1986-06-14,371.0
1986-06-15,371.2
1986-06-16,372.1
1986-06-17,331.6
1986-06-18,355.1
1986-06-19,375.2
1986-06-20,344.0
1986-06-21,349.6
1986-06-22,397.6
1986-06-23,364.9
1986-06-24,373.4
1986-06-25,364.8
1986-06-26,388.8
1986-06-27,405.7
1986-06-28,383.9
1986-06-29,353.9
1986-06-30,367.8
1986-07-01,385.5
1986-07-02,393.4
1986-07-03,370.2
1986-07-04,387.8
1986-07-05,426.9
1986-07-06,413.8
1986-07-07,396.9
1986-07-08,408.5
1986-07-09,396.7
1986-07-10,399.3
1986-07-11,393.1
1986-07-12,394.9
1986-07-13,403.9
1986-07-14,392.0
1986-07-15,369.7
1986-07-16,402.3
1986-07-17,412.3
1986-07-18,418.6
1986-07-19,403.8
1986-07-20,412.4
1986-07-21,382.0
1986-07-22,390.9
1986-07-23,374.7
1986-07-24,366.1
1986-07-25,384.9
1986-07-26,408.1
1986-07-27,410.0
1986-07-28,385.3
1986-07-29,390.2
1986-07-30,406.5
1986-07-31,392.2
1986-08-01,400.1
1986-08-02,368.8
1986-08-03,358.9
1986-08-04,377.6
1986-08-05,385.6
1986-08-06,404.8
1986-08-07,392.2
1986-08-08,390.7
1986-08-09,388.2
1986-08-10,391.7
1986-08-11,348.5
1986-08-12,362.6
1986-08-13,359.1
1986-08-14,407.1
1986-08-15,412.4
1986-08-16,389.6
1986-08-17,373.0
1986-08-18,378.0
1986-08-19,390.4
1986-08-20,364.2
1986-08-21,388.9
1986-08-22,351.0
1986-08-23,394.5
1986-08-24,381.5
1986-08-25,390.6
1986-08-26,357.4
1986-08-27,361.5
1986-08-28,364.9
1986-08-29,368.7
1986-08-30,371.5
1986-08-31,351.7
1986-09-01,349.7
1986-09-02,353.6
1986-09-03,357.4
1986-09-04,401.7
1986-09-05,346.6
1986-09-06,349.0
1986-09-07,354.6
1986-09-08,356.5
1986-09-09,343.5
1986-09-10,374.6
1986-09-11,401.1
1986-09-12,381.5
1986-09-13,350.7
1986-09-14,350.0
1986-09-15,354.0
1986-09-16,356.6
1986-09-17,344.4
1986-09-18,374.0
1986-09-19,356.0
1986-09-20,373.1
1986-09-21,342.7
1986-09-22,365.9
1986-09-23,368.2
1986-09-24,353.8
1986-09-25,369.9
1986-09-26,336.8
1986-09-27,353.8
1986-09-28,323.9
1986-09-29,362.6
1986-09-30,386.6
1986-10-01,352.1
1986-10-02,346.9
1986-10-03,334.6
1986-10-04,345.5
1986-10-05,318.7
1986-10-06,305.9
1986-10-07,330.2
1986-10-08,335.5
1986-10-09,326.0
1986-10-10,311.7
1986-10-11,323.2
1986-10-12,338.7
1986-10-13,349.6
1986-10-14,312.7
1986-10-15,331.8
1986-10-16,332.6
1986-10-17,337.0
1986-10-18,300.9
1986-10-19,312.9
1986-10-20,315.7
1986-10-21,334.4
1986-10-22,318.9
1986-10-23,327.8
1986-10-24,287.5
1986-10-25,338.7
1986-10-26,336.3
1986-10-27,331.4
1986-10-28,285.8
1986-10-29,329.5
1986-10-30,308.0
1986-10-31,305.0
1986-11-01,327.2
1986-11-02,308.2
1986-11-03,332.5
1986-11-04,311.8
1986-11-05,313.8
1986-11-06,316.8
1986-11-07,326.9
1986-11-08,330.6
1986-11-09,309.0
1986-11-10,288.1
1986-11-11,287.2
1986-11-12,313.7
1986-11-13,285.8
1986-11-14,298.0
1986-11-15,304.8
1986-11-16,283.4
1986-11-17,293.4
1986-11-18,294.6
1986-11-19,248.8
1986-11-20,265.8
1986-11-21,281.9
1986-11-22,293.2
1986-11-23,287.8
1986-11-24,289.2
1986-11-25,245.0
1986-11-26,274.8
1986-11-27,267.7
1986-11-28,272.3
1986-11-29,288.7
1986-11-30,266.2
1986-12-01,259.6
1986-12-02,275.0
1986-12-03,279.6
1986-12-04,262.6
1986-12-05,251.1
1986-12-06,265.0
1986-12-07,279.7
1986-12-08,259.3
1986-12-09,273.5
1986-12-10,256.6
1986-12-11,266.4
1986-12-12,257.9
1986-12-13,250.2
1986-12-14,267.3
1986-12-15,272.8
1986-12-16,282.6
1986-12-17,285.5
1986-12-18,286.1
1986-12-19,241.7
1986-12-20,249.6
1986-12-21,241.1
1986-12-22,237.6
1986-12-23,272.5
1986-12-24,265.8
1986-12-25,273.8
1986-12-26,259.5
1986-12-27,264.3
1986-12-28,246.0
1986-12-29,275.0
1986-12-30,249.5
1986-12-31,238.6
1987-01-01,268.3
1987-01-02,266.3
1987-01-03,238.0
1987-01-04,246.7
1987-01-05,245.4
1987-01-06,276.9
1987-01-07,258.1
1987-01-08,262.3
1987-01-09,265.5
1987-01-10,279.0
1987-01-11,273.1
1987-01-12,266.3
1987-01-13,252.2
1987-01-14,259.4
1987-01-15,260.0
1987-01-16,261.5
1987-01-17,264.1
1987-01-18,255.5
1987-01-19,250.0
1987-01-20,256.3
1987-01-21,245.6
1987-01-22,256.2
1987-01-23,254.5
1987-01-24,250.2
1987-01-25,242.0
1987-01-26,239.5
1987-01-27,259.1
1987-01-28,261.9
1987-01-29,261.0
1987-01-30,271.4
1987-01-31,244.3
1987-02-01,270.4
1987-02-02,261.6
1987-02-03,246.4
1987-02-04,249.0
1987-02-05,246.7
1987-02-06,253.8
1987-02-07,273.0
1987-02-08,267.9
1987-02-09,241.7
1987-02-10,264.8
1987-02-11,258.5
1987-02-12,259.5
1987-02-13,255.5
1987-02-14,253.2
1987-02-15,248.0
1987-02-16,252.4
1987-02-17,261.6
1987-02-18,239.9
1987-02-19,233.9
1987-02-20,226.3
1987-02-21,236.8
1987-02-22,270.2
1987-02-23,243.0
1987-02-24,227.1
1987-02-25,232.0
1987-02-26,238.5
1987-02-27,256.3
1987-02-28,272.4
1987-03-01,289.6
1987-03-02,295.3
1987-03-03,278.9
1987-03-04,281.2
1987-03-05,277.6
1987-03-06,285.1
1987-03-07,290.8
1987-03-08,307.7
1987-03-09,289.6
1987-03-10,260.0
1987-03-11,265.5
1987-03-12,286.4
1987-03-13,279.2
1987-03-14,303.7
1987-03-15,268.4
1987-03-16,262.1
1987-03-17,256.4
1987-03-18,261.4
1987-03-19,258.3
1987-03-20,263.0
1987-03-21,284.9
1987-03-22,270.2
1987-03-23,262.8
1987-03-24,269.5
1987-03-25,325.7
1987-03-26,327.4
1987-03-27,317.2
1987-03-28,308.1
1987-03-29,297.7
1987-03-30,310.3
1987-03-31,290.5
1987-04-01,306.5
1987-04-02,303.0
1987-04-03,287.8
1987-04-04,299.5
1987-04-05,322.2
1987-04-06,332.7
1987-04-07,288.1
1987-04-08,291.6
1987-04-09,282.5
1987-04-10,285.8
1987-04-11,320.1
1987-04-12,324.0
1987-04-13,304.4
1987-04-14,332.0
1987-04-15,347.3
1987-04-16,343.6
1987-04-17,356.1
1987-04-18,340.3
1987-04-19,317.7
1987-04-20,327.0
1987-04-21,344.6
1987-04-22,335.1
1987-04-23,354.4
1987-04-24,336.1
1987-04-25,322.8
1987-04-26,329.6
1987-04-27,329.6
1987-04-28,340.4
1987-04-29,338.5
1987-04-30,340.7
1987-05-01,309.1
1987-05-02,304.9
1987-05-03,329.8
1987-05-04,318.6
1987-05-05,296.6
1987-05-06,314.6
1987-05-07,339.9
1987-05-08,327.2
1987-05-09,336.2
1987-05-10,347.3
1987-05-11,370.5
1987-05-12,322.4
1987-05-13,310.1
1987-05-14,345.9
1987-05-15,305.5
1987-05-16,331.2
1987-05-17,344.8
1987-05-18,341.8
1987-05-19,339.2
1987-05-20,365.1
1987-05-21,373.0
1987-05-22,379.6
1987-05-23,362.2
1987-05-24,348.3
1987-05-25,362.0
1987-05-26,379.2
1987-05-27,362.3
1987-05-28,368.0
1987-05-29,375.7
1987-05-30,379.4
1987-05-31,405.0
1987-06-01,391.7
1987-06-02,381.3
1987-06-03,400.3
1987-06-04,366.3
1987-06-05,363.7
1987-06-06,357.6
1987-06-07,379.8
1987-06-08,394.4
1987-06-09,369.9
1987-06-10,356.2
1987-06-11,377.7
1987-06-12,408.5
1987-06-13,399.4
1987-06-14,393.0
1987-06-15,359.5
1987-06-16,359.3
1987-06-17,346.6
1987-06-18,386.2
1987-06-19,404.1
1987-06-20,394.9
1987-06-21,394.2
1987-06-22,395.2
1987-06-23,385.7
1987-06-24,378.1
1987-06-25,387.1
1987-06-26,406.5
1987-06-27,391.8
1987-06-28,391.8
1987-06-29,406.7
1987-06-30,398.3
1987-07-01,391.8
1987-07-02,396.5
1987-07-03,402.3
1987-07-04,390.4
1987-07-05,381.0
1987-07-06,417.9
1987-07-07,418.9
1987-07-08,409.3
1987-07-09,408.3
1987-07-10,410.9
1987-07-11,399.4
1987-07-12,403.3
1987-07-13,413.7
1987-07-14,392.5
1987-07-15,389.7
1987-07-16,394.1
1987-07-17,384.1
1987-07-18,399.9
1987-07-19,416.8
1987-07-20,385.6
1987-07-21,393.9
1987-07-22,376.5
1987-07-23,413.1
1987-07-24,424.8
1987-07-25,398.7
1987-07-26,385.0
1987-07-27,371.8
1987-07-28,361.5
1987-07-29,385.3
1987-07-30,398.8
1987-07-31,369.8
1987-08-01,371.4
1987-08-02,410.7
1987-08-03,384.8
1987-08-04,408.5
1987-08-05,392.0
1987-08-06,371.8
1987-08-07,401.3
1987-08-08,392.3
1987-08-09,396.3
1987-08-10,374.1
1987-08-11,360.9
1987-08-12,372.7
1987-08-13,399.3
1987-08-14,418.8
1987-08-15,398.2
1987-08-16,421.1
1987-08-17,408.6
1987-08-18,392.1
1987-08-19,381.5
1987-08-20,365.0
1987-08-21,386.4
1987-08-22,399.7
1987-08-23,366.6
1987-08-24,365.4
1987-08-25,387.1
1987-08-26,380.7
1987-08-27,389.2
1987-08-28,386.8
1987-08-29,388.3
1987-08-30,360.6
1987-08-31,385.2
1987-09-01,380.6
1987-09-02,362.9
1987-09-03,344.3
1987-09-04,348.8
1987-09-05,370.6
1987-09-06,395.8
1987-09-07,389.6
1987-09-08,383.0
1987-09-09,377.4
1987-09-10,360.4
1987-09-11,385.5
1987-09-12,399.4
1987-09-13,384.4
1987-09-14,343.3
1987-09-15,357.8
1987-09-16,360.0
1987-09-17,386.4
1987-09-18,375.5
1987-09-19,376.1
1987-09-20,377.3
1987-09-21,366.2
1987-09-22,358.2
1987-09-23,351.6
1987-09-24,322.2
1987-09-25,322.9
1987-09-26,339.2
1987-09-27,350.5
1987-09-28,347.3
1987-09-29,362.5
1987-09-30,337.1
1987-10-01,324.8
1987-10-02,351.6
1987-10-03,332.8
1987-10-04,305.7
1987-10-05,325.2
1987-10-06,338.6
1987-10-07,327.5
1987-10-08,331.2
1987-10-09,338.6
1987-10-10,326.0
1987-10-11,324.2
1987-10-12,324.4
1987-10-13,286.7
1987-10-14,291.0
1987-10-15,302.0
1987-10-16,310.5
1987-10-17,327.2
1987-10-18,320.1
1987-10-19,324.1
1987-10-20,341.3
1987-10-21,311.6
1987-10-22,304.4
1987-10-23,299.3
1987-10-24,299.3
1987-10-25,285.0
1987-10-26,283.1
1987-10-27,319.8
1987-10-28,287.2
1987-10-29,322.4
1987-10-30,313.4
1987-10-31,291.6
1987-11-01,333.9
1987-11-02,333.8
1987-11-03,338.7
1987-11-04,336.5
1987-11-05,310.5
1987-11-06,286.6
1987-11-07,290.7
1987-11-08,307.9
1987-11-09,300.0
1987-11-10,276.1
1987-11-11,262.5
1987-11-12,309.4
1987-11-13,306.8
1987-11-14,291.9
1987-11-15,308.0
1987-11-16,300.0
1987-11-17,319.3
1987-11-18,300.3
1987-11-19,279.4
1987-11-20,275.8
1987-11-21,258.2
1987-11-22,266.4
1987-11-23,285.2
1987-11-24,286.9
1987-11-25,291.3
1987-11-26,253.3
1987-11-27,301.9
1987-11-28,290.9
1987-11-29,289.9
1987-11-30,278.5
1987-12-01,283.8
1987-12-02,271.0
1987-12-03,267.2
1987-12-04,262.4
1987-12-05,255.9
1987-12-06,233.2
1987-12-07,265.7
1987-12-08,289.4
1987-12-09,292.1
1987-12-10,287.0
1987-12-11,267.5
1987-12-12,289.0
1987-12-13,257.8
1987-12-14,283.7
1987-12-15,281.6
1987-12-16,277.9
1987-12-17,247.8
1987-12-18,262.4
1987-12-19,282.1
1987-12-20,266.7
1987-12-21,248.0
1987-12-22,274.3
1987-12-23,265.2
1987-12-24,284.6
1987-12-25,284.6
1987-12-26,256.0
1987-12-27,246.7
1987-12-28,258.4
1987-12-29,239.3
1987-12-30,233.5
1987-12-31,264.9
1988-01-01,244.9
1988-01-02,228.7
1988-01-03,231.3
1988-01-04,240.3
1988-01-05,216.6
1988-01-06,233.6
1988-01-07,246.1
1988-01-08,248.9
1988-01-09,246.5
1988-01-10,244.6
1988-01-11,257.9
1988-01-12,274.1
1988-01-13,259.7
1988-01-14,250.8
1988-01-15,236.4
1988-01-16,271.3
1988-01-17,271.0
1988-01-18,258.3
1988-01-19,234.4
1988-01-20,276.8
1988-01-21,251.5
1988-01-22,233.0
1988-01-23,262.1
1988-01-24,275.5
1988-01-25,251.5
1988-01-26,258.2
1988-01-27,245.0
1988-01-28,239.7
1988-01-29,264.3
1988-01-30,288.4
1988-01-31,295.0
1988-02-01,267.0
1988-02-02,243.3
1988-02-03,250.3
1988-02-04,263.9
1988-02-05,245.9
1988-02-06,246.1
1988-02-07,207.7
1988-02-08,235.1
1988-02-09,251.4
1988-02-10,255.1
1988-02-11,257.2
1988-02-12,262.1
1988-02-13,255.1
1988-02-14,277.2
1988-02-15,259.4
1988-02-16,264.4
1988-02-17,263.6
1988-02-18,237.6
1988-02-19,268.5
1988-02-20,267.6
1988-02-21,247.0
1988-02-22,273.0
1988-02-23,257.9
1988-02-24,242.1
1988-02-25,231.4
1988-02-26,263.9
1988-02-27,277.6
1988-02-28,267.9
1988-03-01,246.7
1988-03-02,281.4
1988-03-03,249.7
1988-03-04,233.8
1988-03-05,226.0
1988-03-06,243.1
1988-03-07,243.7
1988-03-08,275.4
1988-03-09,298.2
1988-03-10,237.2
1988-03-11,261.4
1988-03-12,269.1
1988-03-13,293.1
1988-03-14,276.1
1988-03-15,266.3
1988-03-16,282.8
1988-03-17,237.9
1988-03-18,281.4
1988-03-19,254.9
1988-03-20,280.0
1988-03-21,263.5
1988-03-22,264.2
1988-03-23,268.6
1988-03-24,301.1
1988-03-25,300.0
1988-03-26,320.4
1988-03-27,294.9
1988-03-28,271.9
1988-03-29,310.8
1988-03-30,321.7
1988-03-31,273.4
1988-04-01,306.5
1988-04-02,330.9
1988-04-03,346.1
1988-04-04,312.9
1988-04-05,300.6
1988-04-06,335.3
1988-04-07,331.0
1988-04-08,306.9
1988-04-09,292.9
1988-04-10,286.1
1988-04-11,265.5
1988-04-12,295.9
1988-04-13,326.2
1988-04-14,318.9
1988-04-15,308.4
1988-04-16,315.6
1988-04-17,296.6
1988-04-18,312.0
1988-04-19,292.5
1988-04-20,289.8
1988-04-21,309.7
1988-04-22,262.7
1988-04-23,295.7
1988-04-24,307.7
1988-04-25,266.0
1988-04-26,310.3
1988-04-27,305.2
1988-04-28,331.5
1988-04-29,320.6
1988-04-30,322.0
1988-05-01,316.4
1988-05-02,347.1
1988-05-03,300.8
1988-05-04,300.8
1988-05-05,336.5
1988-05-06,321.5
1988-05-07,308.1
1988-05-08,318.9
1988-05-09,358.1
1988-05-10,350.7
1988-05-11,302.9
1988-05-12,342.3
1988-05-13,326.3
1988-05-14,301.1
1988-05-15,362.7
1988-05-16,373.5
1988-05-17,343.1
1988-05-18,326.3
1988-05-19,361.9
1988-05-20,362.5
1988-05-21,360.4
1988-05-22,352.7
1988-05-23,378.2
1988-05-24,335.1
1988-05-25,342.1
1988-05-26,352.6
1988-05-27,354.1
1988-05-28,365.7
1988-05-29,383.9
1988-05-30,361.9
1988-05-31,369.8
1988-06-01,374.4
1988-06-02,352.7
1988-06-03,375.5
1988-06-04,387.2
1988-06-05,389.8
1988-06-06,367.3
1988-06-07,384.5
1988-06-08,368.2
1988-06-09,375.9
1988-06-10,371.9
1988-06-11,396.1
1988-06-12,400.6
1988-06-13,411.6
1988-06-14,394.8
1988-06-15,398.4
1988-06-16,391.8
1988-06-17,365.6
1988-06-18,359.2
1988-06-19,392.4
1988-06-20,403.3
1988-06-21,385.8
1988-06-22,414.1
1988-06-23,404.7
1988-06-24,395.2
1988-06-25,397.5
1988-06-26,390.9
1988-06-27,351.5
1988-06-28,365.8
1988-06-29,378.4
1988-06-30,385.8
1988-07-01,391.4
1988-07-02,390.9
1988-07-03,372.8
1988-07-04,376.4
1988-07-05,386.8
1988-07-06,393.0
1988-07-07,422.0
1988-07-08,418.1
1988-07-09,410.5
1988-07-10,423.1
1988-07-11,415.0
1988-07-12,394.9
1988-07-13,376.2
1988-07-14,412.5
1988-07-15,400.4
1988-07-16,417.4
1988-07-17,388.1
1988-07-18,408.0
1988-07-19,406.5
1988-07-20,398.3
1988-07-21,414.7
1988-07-22,405.1
1988-07-23,398.4
1988-07-24,407.6
1988-07-25,387.5
1988-07-26,411.0
1988-07-27,393.4
1988-07-28,382.4
1988-07-29,387.5
1988-07-30,408.6
1988-07-31,388.5
1988-08-01,405.5
1988-08-02,400.8
1988-08-03,403.8
1988-08-04,424.5
1988-08-05,420.9
1988-08-06,419.5
1988-08-07,391.0
1988-08-08,388.3
1988-08-09,427.9
1988-08-10,390.0
1988-08-11,413.2
1988-08-12,410.7
1988-08-13,399.8
1988-08-14,435.5
1988-08-15,389.0
1988-08-16,372.8
1988-08-17,410.3
1988-08-18,378.5
1988-08-19,357.9
1988-08-20,361.1
1988-08-21,340.5
1988-08-22,352.7
1988-08-23,383.2
1988-08-24,397.5
1988-08-25,389.6
1988-08-26,368.6
1988-08-27,371.0
1988-08-28,374.1
1988-08-29,360.8
1988-08-30,346.9
1988-08-31,369.0
1988-09-01,362.6
1988-09-02,387.7
1988-09-03,374.6
1988-09-04,394.9
1988-09-05,372.2
1988-09-06,373.7
1988-09-07,349.2
1988-09-08,350.7
1988-09-09,370.1
1988-09-10,356.7
1988-09-11,370.2
1988-09-12,376.9
1988-09-13,363.0
1988-09-14,347.6
1988-09-15,332.1
1988-09-16,360.1
1988-09-17,390.1
1988-09-18,372.0
1988-09-19,402.9
1988-09-20,392.1
1988-09-21,372.2
1988-09-22,375.9
1988-09-23,347.7
1988-09-24,336.1
1988-09-25,333.5
1988-09-26,317.8
1988-09-27,358.4
1988-09-28,339.6
1988-09-29,340.0
1988-09-30,363.7
1988-10-01,376.2
1988-10-02,360.4
1988-10-03,342.3
1988-10-04,341.5
1988-10-05,315.4
1988-10-06,325.0
1988-10-07,326.7
1988-10-08,305.3
1988-10-09,328.7
1988-10-10,318.1
1988-10-11,309.2
1988-10-12,313.3
1988-10-13,316.1
1988-10-14,286.0
1988-10-15,319.8
1988-10-16,323.8
1988-10-17,336.1
1988-10-18,320.3
1988-10-19,316.2
1988-10-20,306.7
1988-10-21,312.4
1988-10-22,312.3
1988-10-23,298.6
1988-10-24,314.7
1988-10-25,314.9
1988-10-26,304.8
1988-10-27,307.5
1988-10-28,321.1
1988-10-29,311.7
1988-10-30,287.2
1988-10-31,276.5
1988-11-01,318.7
1988-11-02,301.2
1988-11-03,277.1
1988-11-04,319.2
1988-11-05,317.8
1988-11-06,309.2
1988-11-07,291.3
1988-11-08,303.2
1988-11-09,295.5
1988-11-10,318.1
1988-11-11,297.6
1988-11-12,299.3
1988-11-13,292.4
1988-11-14,275.8
1988-11-15,292.9
1988-11-16,328.3
1988-11-17,305.1
1988-11-18,284.9
1988-11-19,303.6
1988-11-20,309.7
1988-11-21,294.4
1988-11-22,290.8
1988-11-23,279.2
1988-11-24,265.9
1988-11-25,271.8
1988-11-26,309.2
1988-11-27,318.4
1988-11-28,317.6
1988-11-29,306.4
1988-11-30,310.5
1988-12-01,298.7
1988-12-02,280.7
1988-12-03,276.3
1988-12-04,270.4
1988-12-05,283.9
1988-12-06,284.9
1988-12-07,300.5
1988-12-08,269.6
1988-12-09,278.3
1988-12-10,273.0
1988-12-11,250.8
1988-12-12,239.4
1988-12-13,270.5
1988-12-14,277.5
1988-12-15,253.2
1988-12-16,250.1
1988-12-17,266.2
1988-12-18,253.6
1988-12-19,265.3
1988-12-20,298.4
1988-12-21,284.4
1988-12-22,251.4
1988-12-23,257.1
1988-12-24,271.8
1988-12-25,272.1
1988-12-26,242.3
1988-12-27,273.6
1988-12-28,276.7
1988-12-29,257.8
1988-12-30,235.4
1988-12-31,260.8
1989-01-01,247.1
1989-01-02,275.2
1989-01-03,252.1
1989-01-04,227.3
1989-01-05,241.9
1989-01-06,255.2
1989-01-07,270.9
1989-01-08,268.5
1989-01-09,249.3
1989-01-10,244.3
1989-01-11,237.9
1989-01-12,277.6
1989-01-13,244.1
1989-01-14,248.1
1989-01-15,261.7
1989-01-16,257.4
1989-01-17,256.2
1989-01-18,263.2
1989-01-19,257.5
1989-01-20,270.7
1989-01-21,250.1
1989-01-22,241.1
1989-01-23,244.9
1989-01-24,283.0
1989-01-25,258.1
1989-01-26,286.0
1989-01-27,261.8
1989-01-28,247.2
1989-01-29,263.0
1989-01-30,279.9
1989-01-31,279.9
1989-02-01,279.8
1989-02-02,259.5
1989-02-03,223.9
1989-02-04,240.3
1989-02-05,229.4
1989-02-06,256.3
1989-02-07,230.5
1989-02-08,241.0
1989-02-09,226.5
1989-02-10,241.4
1989-02-11,251.5
1989-02-12,222.5
1989-02-13,256.7
1989-02-14,244.6
1989-02-15,254.8
1989-02-16,218.1
1989-02-17,222.2
1989-02-18,213.1
1989-02-19,238.2
1989-02-20,264.9
1989-02-21,253.2
1989-02-22,243.0
1989-02-23,214.3
1989-02-24,216.7
1989-02-25,238.9
1989-02-26,258.6
1989-02-27,240.8
1989-02-28,245.3
1989-03-01,251.1
1989-03-02,238.4
1989-03-03,239.4
1989-03-04,265.8
1989-03-05,258.0
1989-03-06,256.3
1989-03-07,250.3
1989-03-08,238.2
1989-03-09,244.0
1989-03-10,247.0
1989-03-11,276.3
1989-03-12,264.5
1989-03-13,271.2
1989-03-14,264.2
1989-03-15,303.8
1989-03-16,250.1
1989-03-17,279.1
1989-03-18,265.7
1989-03-19,254.6
1989-03-20,270.7
1989-03-21,258.3
1989-03-22,256.9
1989-03-23,267.8
1989-03-24,298.4
1989-03-25,282.9
1989-03-26,264.6
1989-03-27,313.3
1989-03-28,335.5
1989-03-29,286.8
1989-03-30,287.4
1989-03-31,293.3
1989-04-01,252.6
1989-04-02,288.6
1989-04-03,295.4
1989-04-04,298.7
1989-04-05,303.3
1989-04-06,293.7
1989-04-07,283.3
1989-04-08,259.7
1989-04-09,280.9
1989-04-10,282.5
1989-04-11,272.1
1989-04-12,273.4
1989-04-13,283.9
1989-04-14,284.1
1989-04-15,294.1
1989-04-16,250.8
1989-04-17,312.3
1989-04-18,275.8
1989-04-19,261.4
1989-04-20,281.2
1989-04-21,268.0
1989-04-22,281.8
1989-04-23,266.5
1989-04-24,265.4
1989-04-25,287.0
1989-04-26,276.3
1989-04-27,327.9
1989-04-28,304.8
1989-04-29,314.6
1989-04-30,314.5
1989-05-01,300.6
1989-05-02,318.5
1989-05-03,305.5
1989-05-04,297.8
1989-05-05,325.5
1989-05-06,306.8
1989-05-07,314.0
1989-05-08,329.3
1989-05-09,320.8
1989-05-10,341.2
1989-05-11,338.0
1989-05-12,340.3
1989-05-13,330.9
1989-05-14,348.1
1989-05-15,347.4
1989-05-16,348.5
1989-05-17,322.2
1989-05-18,332.3
1989-05-19,367.4
1989-05-20,377.7
1989-05-21,317.6
1989-05-22,318.0
1989-05-23,336.5
1989-05-24,336.1
1989-05-25,372.2
1989-05-26,378.1
1989-05-27,354.0
1989-05-28,311.6
1989-05-29,345.9
1989-05-30,364.9
1989-05-31,383.4
1989-06-01,388.2
1989-06-02,358.6
1989-06-03,348.0
1989-06-04,359.5
1989-06-05,352.9
1989-06-06,344.3
1989-06-07,370.1
1989-06-08,382.4
1989-06-09,382.0
1989-06-10,366.5
1989-06-11,355.7
1989-06-12,353.9
1989-06-13,375.1
1989-06-14,362.8
1989-06-15,364.0
1989-06-16,365.7
1989-06-17,363.9
1989-06-18,365.4
1989-06-19,375.2
1989-06-20,376.4
1989-06-21,378.8
1989-06-22,402.5
1989-06-23,394.2
1989-06-24,402.0
1989-06-25,387.3
1989-06-26,402.0
1989-06-27,412.8
1989-06-28,385.4
1989-06-29,365.0
1989-06-30,362.6
1989-07-01,359.6
1989-07-02,354.9
1989-07-03,393.9
1989-07-04,407.0
1989-07-05,385.8
1989-07-06,377.3
1989-07-07,380.7
1989-07-08,378.4
1989-07-09,381.4
1989-07-10,410.5
1989-07-11,369.9
1989-07-12,373.9
1989-07-13,394.1
1989-07-14,369.2
1989-07-15,341.2
1989-07-16,344.6
1989-07-17,361.0
1989-07-18,382.2
1989-07-19,371.6
1989-07-20,402.7
1989-07-21,399.2
1989-07-22,406.4
1989-07-23,399.4
1989-07-24,396.7
1989-07-25,397.2
1989-07-26,410.4
1989-07-27,404.3
1989-07-28,366.7
1989-07-29,378.4
1989-07-30,368.8
1989-07-31,360.2
1989-08-01,398.0
1989-08-02,407.7
1989-08-03,397.7
1989-08-04,407.9
1989-08-05,404.9
1989-08-06,403.3
1989-08-07,388.9
1989-08-08,365.9
1989-08-09,377.6
1989-08-10,391.7
1989-08-11,396.9
1989-08-12,390.5
1989-08-13,398.6
1989-08-14,373.5
1989-08-15,397.2
1989-08-16,358.0
1989-08-17,340.0
1989-08-18,335.2
1989-08-19,367.5
1989-08-20,400.5
1989-08-21,373.8
1989-08-22,364.8
1989-08-23,387.2
1989-08-24,339.0
1989-08-25,329.9
1989-08-26,366.9
1989-08-27,381.1
1989-08-28,375.8
1989-08-29,400.4
1989-08-30,368.5
1989-08-31,354.5
1989-09-01,398.9
1989-09-02,355.4
1989-09-03,330.5
1989-09-04,354.3
1989-09-05,384.1
1989-09-06,378.2
1989-09-07,397.1
1989-09-08,399.5
1989-09-09,404.5
1989-09-10,403.5
1989-09-11,373.3
1989-09-12,352.8
1989-09-13,365.7
1989-09-14,354.5
1989-09-15,344.7
1989-09-16,360.3
1989-09-17,368.4
1989-09-18,341.2
1989-09-19,344.0
1989-09-20,349.1
1989-09-21,353.5
1989-09-22,398.4
1989-09-23,360.3
1989-09-24,349.2
1989-09-25,348.4
1989-09-26,343.2
1989-09-27,336.1
1989-09-28,314.8
1989-09-29,315.0
1989-09-30,313.5
1989-10-01,314.9
1989-10-02,369.9
1989-10-03,342.3
1989-10-04,322.3
1989-10-05,326.1
1989-10-06,351.3
1989-10-07,327.0
1989-10-08,329.3
1989-10-09,320.6
1989-10-10,327.1
1989-10-11,328.7
1989-10-12,320.7
1989-10-13,316.3
1989-10-14,338.2
1989-10-15,317.0
1989-10-16,340.0
1989-10-17,314.3
1989-10-18,316.6
1989-10-19,315.7
1989-10-20,328.9
1989-10-21,322.8
1989-10-22,305.2
1989-10-23,327.6
1989-10-24,310.8
1989-10-25,301.5
1989-10-26,308.9
1989-10-27,302.0
1989-10-28,293.7
1989-10-29,344.2
1989-10-30,323.5
1989-10-31,322.3
1989-11-01,319.1
1989-11-02,326.3
1989-11-03,304.7
1989-11-04,299.8
1989-11-05,325.2
1989-11-06,334.4
1989-11-07,317.0
1989-11-08,314.9
1989-11-09,321.8
1989-11-10,313.2
1989-11-11,310.0
1989-11-12,296.2
1989-11-13,293.9
1989-11-14,327.0
1989-11-15,329.5
1989-11-16,282.1
1989-11-17,255.3
1989-11-18,246.3
1989-11-19,270.6
1989-11-20,284.9
1989-11-21,264.9
1989-11-22,267.2
1989-11-23,255.7
1989-11-24,262.9
1989-11-25,291.4
1989-11-26,258.8
1989-11-27,287.2
1989-11-28,288.8
1989-11-29,250.8
1989-11-30,268.3
1989-12-01,242.7
1989-12-02,261.9
1989-12-03,221.6
1989-12-04,236.6
1989-12-05,244.2
1989-12-06,269.3
1989-12-07,250.3
1989-12-08,233.6
1989-12-09,247.4
1989-12-10,254.7
1989-12-11,262.8
1989-12-12,244.4
1989-12-13,239.3
1989-12-14,233.2
1989-12-15,247.5
1989-12-16,241.0
1989-12-17,227.9
1989-12-18,227.8
1989-12-19,245.0
1989-12-20,236.7
1989-12-21,242.7
1989-12-22,230.3
1989-12-23,233.5
1989-12-24,251.6
1989-12-25,257.2
1989-12-26,249.7
1989-12-27,249.0
1989-12-28,258.9
1989-12-29,254.0
1989-12-30,258.6
1989-12-31,269.1
1990-01-01,248.4
1990-01-02,233.1
1990-01-03,273.1
1990-01-04,277.8
1990-01-05,243.8
1990-01-06,242.9
1990-01-07,266.3
1990-01-08,260.0
1990-01-09,279.5
1990-01-10,269.9
1990-01-11,282.6
1990-01-12,268.4
1990-01-13,250.8
1990-01-14,262.9
1990-01-15,275.0
1990-01-16,283.7
1990-01-17,287.9
1990-01-18,277.5
1990-01-19,230.4
1990-01-20,243.4
1990-01-21,262.4
1990-01-22,272.8
1990-01-23,250.3
1990-01-24,272.4
1990-01-25,264.4
1990-01-26,262.0
1990-01-27,249.6
1990-01-28,245.5
1990-01-29,261.7
1990-01-30,261.4
1990-01-31,263.0
1990-02-01,272.9
1990-02-02,254.3
1990-02-03,250.9
1990-02-04,242.3
1990-02-05,246.8
1990-02-06,281.2
1990-02-07,275.9
1990-02-08,271.8
1990-02-09,285.2
1990-02-10,260.3
1990-02-11,240.3
1990-02-12,246.5
1990-02-13,286.2
1990-02-14,251.8
1990-02-15,248.5
1990-02-16,258.1
1990-02-17,241.6
1990-02-18,249.0
1990-02-19,243.8
1990-02-20,245.3
1990-02-21,244.3
1990-02-22,277.3
1990-02-23,266.5
1990-02-24,251.1
1990-02-25,255.1
1990-02-26,257.8
1990-02-27,263.5
1990-02-28,271.3
1990-03-01,270.7
1990-03-02,270.0
1990-03-03,281.4
1990-03-04,266.5
1990-03-05,253.5
1990-03-06,276.2
1990-03-07,274.6
1990-03-08,281.8
1990-03-09,297.3
1990-03-10,299.8
1990-03-11,310.2
1990-03-12,310.4
1990-03-13,310.5
1990-03-14,324.3
1990-03-15,312.9
1990-03-16,315.6
1990-03-17,296.1
1990-03-18,284.2
1990-03-19,288.3
1990-03-20,273.0
1990-03-21,256.7
1990-03-22,290.7
1990-03-23,264.9
1990-03-24,257.7
1990-03-25,237.4
1990-03-26,249.0
1990-03-27,253.9
1990-03-28,272.4
1990-03-29,269.8
1990-03-30,310.1
1990-03-31,295.1
1990-04-01,315.4
1990-04-02,304.1
1990-04-03,300.6
1990-04-04,297.9
1990-04-05,295.2
1990-04-06,267.7
1990-04-07,274.6
1990-04-08,270.1
1990-04-09,318.5
1990-04-10,298.0
1990-04-11,292.8
1990-04-12,286.6
1990-04-13,294.1
1990-04-14,310.0
1990-04-15,309.2
1990-04-16,291.8
1990-04-17,309.7
1990-04-18,296.2
1990-04-19,299.1
1990-04-20,328.1
1990-04-21,336.9
1990-04-22,311.5
1990-04-23,312.9
1990-04-24,338.4
1990-04-25,342.2
1990-04-26,354.4
1990-04-27,350.7
1990-04-28,365.9
1990-04-29,352.6
1990-04-30,358.1
1990-05-01,309.0
1990-05-02,292.0
1990-05-03,306.0
1990-05-04,314.8
1990-05-05,337.5
1990-05-06,328.1
1990-05-07,343.2
1990-05-08,328.2
1990-05-09,366.9
1990-05-10,340.8
1990-05-11,317.7
1990-05-12,314.7
1990-05-13,318.6
1990-05-14,300.4
1990-05-15,343.6
1990-05-16,332.4
1990-05-17,351.0
1990-05-18,337.0
1990-05-19,328.7
1990-05-20,342.9
1990-05-21,345.1
1990-05-22,323.9
1990-05-23,344.6
1990-05-24,339.2
1990-05-25,315.6
1990-05-26,334.0
1990-05-27,324.6
1990-05-28,319.0
1990-05-29,319.1
1990-05-30,296.3
1990-05-31,303.7
1990-06-01,327.3
1990-06-02,374.2
1990-06-03,372.2
1990-06-04,346.1
1990-06-05,334.7
1990-06-06,374.9
1990-06-07,345.7
1990-06-08,360.2
1990-06-09,367.4
1990-06-10,370.9
1990-06-11,342.7
1990-06-12,355.3
1990-06-13,376.4
1990-06-14,396.1
1990-06-15,360.2
1990-06-16,388.2
1990-06-17,408.3
1990-06-18,408.3
1990-06-19,374.0
1990-06-20,379.0
1990-06-21,393.0
1990-06-22,383.0
1990-06-23,380.0
1990-06-24,381.9
1990-06-25,356.6
1990-06-26,369.4
1990-06-27,383.1
1990-06-28,387.5
1990-06-29,391.6
1990-06-30,390.5
1990-07-01,383.3
1990-07-02,371.4
1990-07-03,384.7
1990-07-04,399.4
1990-07-05,392.1
1990-07-06,370.8
1990-07-07,365.8
1990-07-08,383.5
1990-07-09,379.5
1990-07-10,386.7
1990-07-11,377.0
1990-07-12,375.0
1990-07-13,366.0
1990-07-14,399.3
1990-07-15,395.8
1990-07-16,378.6
1990-07-17,397.1
1990-07-18,395.0
1990-07-19,402.9
1990-07-20,392.7
1990-07-21,365.8
1990-07-22,385.9
1990-07-23,394.4
1990-07-24,373.3
1990-07-25,350.6
1990-07-26,358.2
1990-07-27,373.2
1990-07-28,374.7
1990-07-29,398.6
1990-07-30,415.2
1990-07-31,349.4
1990-08-01,343.9
1990-08-02,357.1
1990-08-03,387.9
1990-08-04,394.3
1990-08-05,415.9
1990-08-06,394.5
1990-08-07,381.1
1990-08-08,354.5
1990-08-09,357.9
1990-08-10,376.2
1990-08-11,381.2
1990-08-12,382.4
1990-08-13,377.6
1990-08-14,362.6
1990-08-15,385.0
1990-08-16,393.8
1990-08-17,386.7
1990-08-18,405.0
1990-08-19,386.7
1990-08-20,396.6
1990-08-21,388.8
1990-08-22,390.9
1990-08-23,362.1
1990-08-24,384.1
1990-08-25,384.6
1990-08-26,402.3
1990-08-27,387.7
1990-08-28,403.5
1990-08-29,361.9
1990-08-30,329.2
1990-08-31,349.3
1990-09-01,396.0
1990-09-02,368.2
1990-09-03,347.0
1990-09-04,379.7
1990-09-05,407.7
1990-09-06,402.5
1990-09-07,379.7
1990-09-08,349.5
1990-09-09,376.1
1990-09-10,383.5
1990-09-11,380.9
1990-09-12,365.2
1990-09-13,358.6
1990-09-14,390.3
1990-09-15,362.6
1990-09-16,324.0
1990-09-17,320.0
1990-09-18,333.1
1990-09-19,362.1
1990-09-20,341.4
1990-09-21,349.7
1990-09-22,358.3
1990-09-23,354.4
1990-09-24,346.7
1990-09-25,368.9
1990-09-26,352.6
1990-09-27,327.9
1990-09-28,365.7
1990-09-29,372.5
1990-09-30,338.7
1990-10-01,325.7
1990-10-02,329.7
1990-10-03,346.0
1990-10-04,340.6
1990-10-05,325.5
1990-10-06,339.2
1990-10-07,346.4
1990-10-08,344.5
1990-10-09,328.5
1990-10-10,345.7
1990-10-11,332.1
1990-10-12,330.2
1990-10-13,339.0
1990-10-14,316.4
1990-10-15,319.7
1990-10-16,291.2
1990-10-17,345.7
1990-10-18,343.8
1990-10-19,310.8
1990-10-20,293.9
1990-10-21,307.1
1990-10-22,315.7
1990-10-23,312.0
1990-10-24,328.5
1990-10-25,328.6
1990-10-26,284.0
1990-10-27,297.5
1990-10-28,320.2
1990-10-29,296.6
1990-10-30,317.6
1990-10-31,308.2
1990-11-01,334.0
1990-11-02,294.4
1990-11-03,326.6
1990-11-04,334.9
1990-11-05,304.5
1990-11-06,317.6
1990-11-07,313.9
1990-11-08,298.4
1990-11-09,286.5
1990-11-10,298.9
1990-11-11,301.6
1990-11-12,301.2
1990-11-13,298.4
1990-11-14,295.7
1990-11-15,280.3
1990-11-16,318.8
1990-11-17,283.3
1990-11-18,286.4
1990-11-19,277.2
1990-11-20,311.7
1990-11-21,296.4
1990-11-22,308.2
1990-11-23,292.0
1990-11-24,304.4
1990-11-25,304.2
1990-11-26,286.4
1990-11-27,328.0
1990-11-28,319.9
1990-11-29,305.8
1990-11-30,273.2
1990-12-01,282.9
1990-12-02,258.6
1990-12-03,270.9
1990-12-04,298.0
1990-12-05,289.0
1990-12-06,283.4
1990-12-07,272.3
1990-12-08,265.4
1990-12-09,275.1
1990-12-10,273.4
1990-12-11,287.6
1990-12-12,282.2
1990-12-13,281.2
1990-12-14,258.9
1990-12-15,281.4
1990-12-16,265.1
1990-12-17,270.9
1990-12-18,277.0
1990-12-19,256.7
1990-12-20,255.5
1990-12-21,287.7
1990-12-22,297.3
1990-12-23,275.7
1990-12-24,261.3
1990-12-25,264.8
1990-12-26,248.9
1990-12-27,253.6
1990-12-28,274.9
1990-12-29,287.5
1990-12-30,264.1
1990-12-31,253.3
1991-01-01,265.4
1991-01-02,268.7
1991-01-03,244.1
1991-01-04,232.1
1991-01-05,254.9
1991-01-06,255.5
1991-01-07,236.3
1991-01-08,247.3
1991-01-09,261.0
1991-01-10,227.3
1991-01-11,251.6
1991-01-12,252.6
1991-01-13,231.7
1991-01-14,262.7
1991-01-15,254.0
1991-01-16,272.2
1991-01-17,270.0
1991-01-18,263.0
1991-01-19,241.3
1991-01-20,264.9
1991-01-21,245.2
1991-01-22,257.0
1991-01-23,260.0
1991-01-24,257.4
1991-01-25,245.2
1991-01-26,267.4
1991-01-27,237.3
1991-01-28,226.0
1991-01-29,246.0
1991-01-30,242.9
1991-01-31,242.7
1991-02-01,263.0
1991-02-02,255.6
1991-02-03,268.9
1991-02-04,274.4
1991-02-05,288.0
1991-02-06,280.8
1991-02-07,288.9
1991-02-08,262.6
1991-02-09,274.9
1991-02-10,240.0
1991-02-11,246.9
1991-02-12,254.9
1991-02-13,259.0
1991-02-14,270.3
1991-02-15,253.0
1991-02-16,256.1
1991-02-17,263.4
1991-02-18,276.3
1991-02-19,285.6
1991-02-20,270.7
1991-02-21,278.4
1991-02-22,268.2
1991-02-23,235.5
1991-02-24,269.4
1991-02-25,275.2
1991-02-26,253.3
1991-02-27,249.2
1991-02-28,267.0
1991-03-01,268.5
1991-03-02,292.2
1991-03-03,258.6
1991-03-04,259.4
1991-03-05,240.3
1991-03-06,286.2
1991-03-07,258.9
1991-03-08,234.0
1991-03-09,257.5
1991-03-10,231.1
1991-03-11,224.1
1991-03-12,223.2
1991-03-13,231.2
1991-03-14,256.7
1991-03-15,270.8
1991-03-16,250.3
1991-03-17,250.7
1991-03-18,292.2
1991-03-19,278.6
1991-03-20,271.8
1991-03-21,274.2
1991-03-22,268.3
1991-03-23,287.7
1991-03-24,302.6
1991-03-25,311.5
1991-03-26,296.2
1991-03-27,309.1
1991-03-28,303.8
1991-03-29,290.6
1991-03-30,260.6
1991-03-31,276.2
1991-04-01,313.8
1991-04-02,314.5
1991-04-03,274.8
1991-04-04,291.4
1991-04-05,341.6
1991-04-06,334.3
1991-04-07,319.9
1991-04-08,344.3
1991-04-09,344.3
1991-04-10,314.4
1991-04-11,269.7
1991-04-12,266.9
1991-04-13,317.0
1991-04-14,314.5
1991-04-15,321.9
1991-04-16,299.6
1991-04-17,302.3
1991-04-18,308.6
1991-04-19,296.7
1991-04-20,317.3
1991-04-21,294.7
1991-04-22,297.2
1991-04-23,294.3
1991-04-24,307.9
1991-04-25,281.0
1991-04-26,316.2
1991-04-27,288.8
1991-04-28,317.6
1991-04-29,341.3
1991-04-30,329.0
1991-05-01,325.4
1991-05-02,327.5
1991-05-03,320.8
1991-05-04,289.3
1991-05-05,290.3
1991-05-06,333.1
1991-05-07,336.2
1991-05-08,329.1
1991-05-09,353.2
1991-05-10,342.7
1991-05-11,365.0
1991-05-12,382.6
1991-05-13,378.8
1991-05-14,396.4
1991-05-15,381.1
1991-05-16,393.5
1991-05-17,381.7
1991-05-18,343.5
1991-05-19,334.8
1991-05-20,335.1
1991-05-21,361.6
1991-05-22,368.4
1991-05-23,387.0
1991-05-24,403.8
1991-05-25,400.4
1991-05-26,390.1
1991-05-27,386.6
1991-05-28,372.9
1991-05-29,399.4
1991-05-30,409.5
1991-05-31,405.0
1991-06-01,362.7
1991-06-02,360.1
1991-06-03,359.2
1991-06-04,348.8
1991-06-05,357.6
1991-06-06,353.7
1991-06-07,360.8
1991-06-08,348.2
1991-06-09,366.2
1991-06-10,396.8
1991-06-11,384.1
1991-06-12,364.7
1991-06-13,339.4
1991-06-14,352.1
1991-06-15,396.0
1991-06-16,408.8
1991-06-17,369.3
1991-06-18,387.1
1991-06-19,391.0
1991-06-20,373.3
1991-06-21,371.5
1991-06-22,378.8
1991-06-23,362.0
1991-06-24,357.9
1991-06-25,351.8
1991-06-26,387.5
1991-06-27,396.3
1991-06-28,404.5
1991-06-29,417.7
1991-06-30,383.3
1991-07-01,377.8
1991-07-02,391.5
1991-07-03,389.9
1991-07-04,404.6
1991-07-05,410.1
1991-07-06,402.0
1991-07-07,405.9
1991-07-08,388.3
1991-07-09,370.5
1991-07-10,375.3
1991-07-11,378.2
1991-07-12,378.8
1991-07-13,406.8
1991-07-14,373.7
1991-07-15,369.6
1991-07-16,389.3
1991-07-17,391.1
1991-07-18,401.3
1991-07-19,410.1
1991-07-20,417.0
1991-07-21,412.1
1991-07-22,407.4
1991-07-23,380.8
1991-07-24,403.0
1991-07-25,371.0
1991-07-26,354.5
1991-07-27,355.9
1991-07-28,380.2
1991-07-29,402.2
1991-07-30,394.1
1991-07-31,369.3
1991-08-01,378.5
1991-08-02,398.8
1991-08-03,399.8
1991-08-04,379.7
1991-08-05,356.8
1991-08-06,339.0
1991-08-07,369.9
1991-08-08,375.9
1991-08-09,382.6
1991-08-10,371.0
1991-08-11,356.9
1991-08-12,375.7
1991-08-13,379.7
1991-08-14,398.0
1991-08-15,393.5
1991-08-16,387.3
1991-08-17,390.0
1991-08-18,377.8
1991-08-19,379.4
1991-08-20,378.0
1991-08-21,381.4
1991-08-22,364.8
1991-08-23,366.9
1991-08-24,367.3
1991-08-25,367.0
1991-08-26,392.5
1991-08-27,383.8
1991-08-28,385.1
1991-08-29,394.3
1991-08-30,401.8
1991-08-31,365.9
1991-09-01,345.3
1991-09-02,350.3
1991-09-03,372.3
1991-09-04,371.7
1991-09-05,372.3
1991-09-06,372.8
1991-09-07,387.0
1991-09-08,383.1
1991-09-09,392.7
1991-09-10,392.4
1991-09-11,351.6
1991-09-12,347.4
1991-09-13,375.4
1991-09-14,368.7
1991-09-15,404.0
1991-09-16,401.5
1991-09-17,370.1
1991-09-18,373.8
1991-09-19,360.9
1991-09-20,358.5
1991-09-21,342.6
1991-09-22,349.8
1991-09-23,349.7
1991-09-24,339.8
1991-09-25,346.9
1991-09-26,353.2
1991-09-27,335.3
1991-09-28,339.4
1991-09-29,328.0
1991-09-30,340.8
1991-10-01,348.7
1991-10-02,371.9
1991-10-03,344.0
1991-10-04,348.6
1991-10-05,340.3
1991-10-06,322.2
1991-10-07,330.4
1991-10-08,317.8
1991-10-09,345.8
1991-10-10,318.5
1991-10-11,320.6
1991-10-12,333.7
1991-10-13,324.6
1991-10-14,307.6
1991-10-15,323.8
1991-10-16,311.1
1991-10-17,308.5
1991-10-18,295.1
1991-10-19,324.8
1991-10-20,309.4
1991-10-21,323.0
1991-10-22,313.7
1991-10-23,298.9
1991-10-24,365.7
1991-10-25,354.3
1991-10-26,351.0
1991-10-27,334.2
1991-10-28,308.1
1991-10-29,320.8
1991-10-30,315.7
1991-10-31,313.2
1991-11-01,306.6
1991-11-02,322.0
1991-11-03,274.8
1991-11-04,273.5
1991-11-05,289.4
1991-11-06,303.6
1991-11-07,283.1
1991-11-08,288.4
1991-11-09,268.4
1991-11-10,280.5
1991-11-11,295.7
1991-11-12,306.2
1991-11-13,299.9
1991-11-14,289.0
1991-11-15,327.5
1991-11-16,314.8
1991-11-17,281.7
1991-11-18,296.2
1991-11-19,309.8
1991-11-20,340.3
1991-11-21,310.3
1991-11-22,301.3
1991-11-23,309.3
1991-11-24,308.5
1991-11-25,303.3
1991-11-26,298.6
1991-11-27,301.6
1991-11-28,295.7
1991-11-29,303.8
1991-11-30,315.2
1991-12-01,284.8
1991-12-02,278.8
1991-12-03,293.5
1991-12-04,282.8
1991-12-05,273.3
1991-12-06,290.8
1991-12-07,295.1
1991-12-08,306.2
1991-12-09,280.0
1991-12-10,255.3
1991-12-11,278.5
1991-12-12,292.5
1991-12-13,285.1
1991-12-14,290.9
1991-12-15,274.9
1991-12-16,261.1
1991-12-17,265.2
1991-12-18,255.7
1991-12-19,253.6
1991-12-20,265.7
1991-12-21,266.4
1991-12-22,262.0
1991-12-23,266.1
1991-12-24,268.8
1991-12-25,230.9
1991-12-26,263.2
1991-12-27,240.2
1991-12-28,257.2
1991-12-29,285.1
1991-12-30,231.0
1991-12-31,233.9
1992-01-01,256.3
1992-01-02,272.6
1992-01-03,281.7
1992-01-04,281.6
1992-01-05,272.5
1992-01-06,268.3
1992-01-07,257.7
1992-01-08,239.9
1992-01-09,277.2
1992-01-10,269.0
1992-01-11,275.9
1992-01-12,248.9
1992-01-13,279.9
1992-01-14,267.3
1992-01-15,254.5
1992-01-16,247.3
1992-01-17,253.2
1992-01-18,255.7
1992-01-19,241.5
1992-01-20,242.5
1992-01-21,235.3
1992-01-22,246.3
1992-01-23,269.1
1992-01-24,246.0
1992-01-25,225.8
1992-01-26,230.3
1992-01-27,241.2
1992-01-28,221.6
1992-01-29,242.5
1992-01-30,266.0
1992-01-31,251.8
1992-02-01,217.4
1992-02-02,251.9
1992-02-03,230.8
1992-02-04,254.1
1992-02-05,223.0
1992-02-06,237.1
1992-02-07,250.0
1992-02-08,221.6
1992-02-09,225.2
1992-02-10,246.1
1992-02-11,237.3
1992-02-12,222.7
1992-02-13,246.4
1992-02-14,246.9
1992-02-15,265.5
1992-02-16,254.1
1992-02-17,268.7
1992-02-18,284.2
1992-02-19,280.3
1992-02-20,245.3
1992-02-21,245.3
1992-02-22,265.6
1992-02-23,254.8
1992-02-24,245.2
1992-02-25,273.6
1992-02-26,269.3
1992-02-27,257.5
1992-02-28,276.3
1992-03-01,276.2
1992-03-02,250.1
1992-03-03,230.5
1992-03-04,247.0
1992-03-05,274.6
1992-03-06,271.8
1992-03-07,293.2
1992-03-08,283.3
1992-03-09,275.0
1992-03-10,275.7
1992-03-11,241.8
1992-03-12,248.8
1992-03-13,230.5
1992-03-14,238.8
1992-03-15,224.5
1992-03-16,230.0
1992-03-17,267.5
1992-03-18,223.7
1992-03-19,244.8
1992-03-20,237.8
1992-03-21,238.0
1992-03-22,267.5
1992-03-23,245.0
1992-03-24,244.1
1992-03-25,269.4
1992-03-26,293.7
1992-03-27,274.6
1992-03-28,238.3
1992-03-29,252.0
1992-03-30,294.2
1992-03-31,279.7
1992-04-01,286.2
1992-04-02,261.9
1992-04-03,271.6
1992-04-04,265.1
1992-04-05,243.9
1992-04-06,264.3
1992-04-07,299.5
1992-04-08,275.0
1992-04-09,284.9
1992-04-10,281.6
1992-04-11,283.2
1992-04-12,268.5
1992-04-13,256.7
1992-04-14,246.4
1992-04-15,264.0
1992-04-16,297.3
1992-04-17,306.3
1992-04-18,297.0
1992-04-19,314.3
1992-04-20,341.6
1992-04-21,335.8
1992-04-22,340.3
1992-04-23,320.6
1992-04-24,318.8
1992-04-25,320.2
1992-04-26,323.1
1992-04-27,308.8
1992-04-28,268.0
1992-04-29,291.1
1992-04-30,336.7
1992-05-01,349.0
1992-05-02,353.4
1992-05-03,340.8
1992-05-04,334.1
1992-05-05,333.5
1992-05-06,328.0
1992-05-07,319.9
1992-05-08,334.6
1992-05-09,348.2
1992-05-10,327.2
1992-05-11,325.3
1992-05-12,334.3
1992-05-13,331.3
1992-05-14,346.5
1992-05-15,346.4
1992-05-16,326.7
1992-05-17,348.9
1992-05-18,349.8
1992-05-19,326.6
1992-05-20,336.8
1992-05-21,322.3
1992-05-22,331.6
1992-05-23,351.2
1992-05-24,338.7
1992-05-25,341.3
1992-05-26,333.7
1992-05-27,352.7
1992-05-28,355.3
1992-05-29,349.0
1992-05-30,347.5
1992-05-31,366.9
1992-06-01,340.3
1992-06-02,343.7
1992-06-03,356.0
1992-06-04,360.7
1992-06-05,371.9
1992-06-06,380.9
1992-06-07,381.2
1992-06-08,358.1
1992-06-09,331.8
1992-06-10,331.6
1992-06-11,359.6
1992-06-12,360.2
1992-06-13,369.3
1992-06-14,358.7
1992-06-15,340.3
1992-06-16,361.5
1992-06-17,385.1
1992-06-18,382.1
1992-06-19,387.4
1992-06-20,353.4
1992-06-21,343.7
1992-06-22,333.1
1992-06-23,340.9
1992-06-24,366.3
1992-06-25,354.0
1992-06-26,362.0
1992-06-27,345.6
1992-06-28,336.5
1992-06-29,357.6
1992-06-30,380.7
1992-07-01,372.3
1992-07-02,375.2
1992-07-03,396.0
1992-07-04,361.5
1992-07-05,354.4
1992-07-06,359.0
1992-07-07,356.7
1992-07-08,390.1
1992-07-09,389.2
1992-07-10,382.3
1992-07-11,387.5
1992-07-12,392.3
1992-07-13,393.4
1992-07-14,389.7
1992-07-15,362.7
1992-07-16,384.4
1992-07-17,395.0
1992-07-18,384.6
1992-07-19,370.9
1992-07-20,387.6
1992-07-21,358.5
1992-07-22,364.5
1992-07-23,363.5
1992-07-24,351.7
1992-07-25,387.5
1992-07-26,393.6
1992-07-27,358.0
1992-07-28,357.3
1992-07-29,390.0
1992-07-30,369.2
1992-07-31,375.9
1992-08-01,363.6
1992-08-02,379.3
1992-08-03,393.7
1992-08-04,369.0
1992-08-05,342.2
1992-08-06,344.1
1992-08-07,357.2
1992-08-08,402.6
1992-08-09,397.1
1992-08-10,379.3
1992-08-11,351.3
1992-08-12,350.4
1992-08-13,362.9
1992-08-14,356.5
1992-08-15,372.5
1992-08-16,386.3
1992-08-17,369.2
1992-08-18,370.3
1992-08-19,348.1
1992-08-20,345.0
1992-08-21,359.9
1992-08-22,346.8
1992-08-23,368.8
1992-08-24,404.8
1992-08-25,391.1
1992-08-26,400.6
1992-08-27,410.0
1992-08-28,388.9
1992-08-29,377.5
1992-08-30,385.9
1992-08-31,378.9
1992-09-01,362.2
1992-09-02,355.4
1992-09-03,381.3
1992-09-04,340.7
1992-09-05,361.6
1992-09-06,396.0
1992-09-07,387.3
1992-09-08,373.6
1992-09-09,358.0
1992-09-10,364.6
1992-09-11,341.2
1992-09-12,340.6
1992-09-13,341.0
1992-09-14,358.2
1992-09-15,385.2
1992-09-16,398.0
1992-09-17,406.4
1992-09-18,372.6
1992-09-19,344.2
1992-09-20,340.4
1992-09-21,364.9
1992-09-22,365.4
1992-09-23,322.0
1992-09-24,322.4
1992-09-25,322.3
1992-09-26,369.9
1992-09-27,358.8
1992-09-28,324.2
1992-09-29,332.9
1992-09-30,329.4
1992-10-01,325.1
1992-10-02,339.2
1992-10-03,346.5
1992-10-04,322.7
1992-10-05,314.7
1992-10-06,290.4
1992-10-07,316.4
1992-10-08,333.6
1992-10-09,333.1
1992-10-10,339.5
1992-10-11,334.0
1992-10-12,330.2
1992-10-13,305.8
1992-10-14,317.0
1992-10-15,308.3
1992-10-16,316.6
1992-10-17,295.2
1992-10-18,302.7
1992-10-19,300.4
1992-10-20,296.7
1992-10-21,317.7
1992-10-22,301.9
1992-10-23,315.0
1992-10-24,336.8
1992-10-25,298.4
1992-10-26,317.0
1992-10-27,300.8
1992-10-28,300.2
1992-10-29,314.1
1992-10-30,308.5
1992-10-31,304.0
1992-11-01,285.9
1992-11-02,285.9
1992-11-03,302.2
1992-11-04,314.2
1992-11-05,299.9
1992-11-06,299.6
1992-11-07,270.7
1992-11-08,247.1
1992-11-09,283.9
1992-11-10,304.6
1992-11-11,281.1
1992-11-12,306.4
1992-11-13,262.7
1992-11-14,245.8
1992-11-15,276.6
1992-11-16,281.8
1992-11-17,285.4
1992-11-18,292.2
1992-11-19,290.4
1992-11-20,295.2
1992-11-21,302.8
1992-11-22,271.9
1992-11-23,289.7
1992-11-24,289.7
1992-11-25,295.0
1992-11-26,305.2
1992-11-27,284.0
1992-11-28,294.3
1992-11-29,280.1
1992-11-30,282.6
1992-12-01,292.7
1992-12-02,278.0
1992-12-03,280.3
1992-12-04,280.0
1992-12-05,272.2
1992-12-06,248.4
1992-12-07,281.2
1992-12-08,275.7
1992-12-09,251.6
1992-12-10,268.7
1992-12-11,272.8
1992-12-12,245.0
1992-12-13,276.2
1992-12-14,290.1
1992-12-15,275.1
1992-12-16,288.4
1992-12-17,295.5
1992-12-18,258.2
1992-12-19,296.9
1992-12-20,256.4
1992-12-21,259.8
1992-12-22,269.3
1992-12-23,281.6
1992-12-24,254.1
1992-12-25,271.6
1992-12-26,262.1
1992-12-27,271.0
1992-12-28,265.1
1992-12-29,290.5
1992-12-30,281.2
1992-12-31,280.6
1993-01-01,250.8
1993-01-02,262.7
1993-01-03,271.1
1993-01-04,294.4
1993-01-05,262.2
1993-01-06,263.3
1993-01-07,253.8
1993-01-08,235.1
1993-01-09,240.2
1993-01-10,264.9
1993-01-11,262.1
1993-01-12,259.6
1993-01-13,260.0
1993-01-14,241.6
1993-01-15,246.0
1993-01-16,266.3
1993-01-17,254.9
1993-01-18,246.1
1993-01-19,231.9
1993-01-20,220.9
1993-01-21,269.8
1993-01-22,267.5
1993-01-23,257.8
1993-01-24,268.1
1993-01-25,234.1
1993-01-26,260.9
1993-01-27,250.4
1993-01-28,250.7
1993-01-29,236.5
1993-01-30,249.2
1993-01-31,265.5
1993-02-01,233.1
1993-02-02,234.6
1993-02-03,276.4
1993-02-04,265.2
1993-02-05,264.3
1993-02-06,220.8
1993-02-07,244.7
1993-02-08,225.3
1993-02-09,243.8
1993-02-10,245.5
1993-02-11,229.1
1993-02-12,262.3
1993-02-13,254.7
1993-02-14,235.7
1993-02-15,222.2
1993-02-16,253.8
1993-02-17,231.9
1993-02-18,229.0
1993-02-19,224.4
1993-02-20,227.2
1993-02-21,246.8
1993-02-22,252.1
1993-02-23,242.4
1993-02-24,230.8
1993-02-25,227.9
1993-02-26,235.2
1993-02-27,230.8
1993-02-28,237.5
1993-03-01,264.8
1993-03-02,246.5
1993-03-03,250.2
1993-03-04,243.4
1993-03-05,274.5
1993-03-06,256.2
1993-03-07,249.7
1993-03-08,276.6
1993-03-09,234.5
1993-03-10,263.4
1993-03-11,244.8
1993-03-12,243.0
1993-03-13,247.2
1993-03-14,251.5
1993-03-15,257.3
1993-03-16,291.3
1993-03-17,269.5
1993-03-18,257.1
1993-03-19,264.8
1993-03-20,301.7
1993-03-21,303.7
1993-03-22,278.8
1993-03-23,276.4
1993-03-24,293.3
1993-03-25,272.0
1993-03-26,282.6
1993-03-27,286.2
1993-03-28,303.3
1993-03-29,316.5
1993-03-30,284.9
1993-03-31,291.6
1993-04-01,290.8
1993-04-02,301.7
1993-04-03,302.0
1993-04-04,289.0
1993-04-05,267.1
1993-04-06,288.1
1993-04-07,275.4
1993-04-08,300.9
1993-04-09,312.7
1993-04-10,308.4
1993-04-11,290.6
1993-04-12,278.0
1993-04-13,255.8
1993-04-14,301.2
1993-04-15,311.9
1993-04-16,327.6
1993-04-17,308.1
1993-04-18,299.2
1993-04-19,318.2
1993-04-20,315.4
1993-04-21,311.3
1993-04-22,292.8
1993-04-23,283.4
1993-04-24,312.1
1993-04-25,330.5
1993-04-26,294.9
1993-04-27,274.6
1993-04-28,314.6
1993-04-29,328.9
1993-04-30,346.8
1993-05-01,316.6
1993-05-02,318.4
1993-05-03,366.0
1993-05-04,356.6
1993-05-05,363.5
1993-05-06,304.5
1993-05-07,285.4
1993-05-08,334.4
1993-05-09,313.0
1993-05-10,324.9
1993-05-11,360.5
1993-05-12,325.3
1993-05-13,336.0
1993-05-14,336.2
1993-05-15,344.3
1993-05-16,299.0
1993-05-17,331.7
1993-05-18,309.5
1993-05-19,331.9
1993-05-20,312.9
1993-05-21,322.4
1993-05-22,308.2
1993-05-23,343.7
1993-05-24,347.6
1993-05-25,344.8
1993-05-26,318.9
1993-05-27,320.2
1993-05-28,363.9
1993-05-29,299.0
1993-05-30,319.1
1993-05-31,342.3
1993-06-01,348.2
1993-06-02,349.3
1993-06-03,346.1
1993-06-04,333.6
1993-06-05,341.9
1993-06-06,335.9
1993-06-07,364.5
1993-06-08,371.9
1993-06-09,383.5
1993-06-10,363.6
1993-06-11,348.3
1993-06-12,351.1
1993-06-13,337.1
1993-06-14,358.3
1993-06-15,364.2
1993-06-16,330.3
1993-06-17,364.8
1993-06-18,400.8
1993-06-19,380.7
1993-06-20,389.1
1993-06-21,396.1
1993-06-22,360.4
1993-06-23,340.8
1993-06-24,350.0
1993-06-25,395.9
1993-06-26,375.1
1993-06-27,379.5
1993-06-28,367.3
1993-06-29,353.6
1993-06-30,369.1
1993-07-01,383.3
1993-07-02,413.1
1993-07-03,392.3
1993-07-04,390.6
1993-07-05,395.5
1993-07-06,421.7
1993-07-07,413.8
1993-07-08,413.2
1993-07-09,412.1
1993-07-10,397.6
1993-07-11,393.1
1993-07-12,375.1
1993-07-13,383.3
1993-07-14,399.2
1993-07-15,353.0
1993-07-16,364.3
1993-07-17,375.9
1993-07-18,384.1
1993-07-19,397.9
1993-07-20,375.9
1993-07-21,351.6
1993-07-22,345.7
1993-07-23,363.2
1993-07-24,369.3
1993-07-25,373.3
1993-07-26,403.8
1993-07-27,404.0
1993-07-28,409.6
1993-07-29,392.3
1993-07-30,399.7
1993-07-31,373.6
1993-08-01,384.3
1993-08-02,378.4
1993-08-03,372.5
1993-08-04,378.3
1993-08-05,359.6
1993-08-06,359.5
1993-08-07,390.7
1993-08-08,351.9
1993-08-09,364.0
1993-08-10,402.4
1993-08-11,395.1
1993-08-12,364.0
1993-08-13,364.7
1993-08-14,390.0
1993-08-15,399.7
1993-08-16,412.8
1993-08-17,395.8
1993-08-18,371.1
1993-08-19,403.6
1993-08-20,406.8
1993-08-21,340.6
1993-08-22,345.7
1993-08-23,391.6
1993-08-24,409.1
1993-08-25,381.1
1993-08-26,377.5
1993-08-27,407.1
1993-08-28,386.7
1993-08-29,382.5
1993-08-30,397.1
1993-08-31,401.0
1993-09-01,349.0
1993-09-02,385.6
1993-09-03,398.0
1993-09-04,355.4
1993-09-05,350.5
1993-09-06,361.8
1993-09-07,353.9
1993-09-08,369.3
1993-09-09,375.3
1993-09-10,361.2
1993-09-11,358.7
1993-09-12,371.2
1993-09-13,373.6
1993-09-14,392.9
1993-09-15,371.9
1993-09-16,312.9
1993-09-17,362.6
1993-09-18,354.7
1993-09-19,307.7
1993-09-20,331.2
1993-09-21,331.0
1993-09-22,332.8
1993-09-23,354.7
1993-09-24,312.1
1993-09-25,312.8
1993-09-26,369.6
1993-09-27,342.5
1993-09-28,330.8
1993-09-29,324.5
1993-09-30,289.5
1993-10-01,348.2
1993-10-02,329.6
1993-10-03,340.8
1993-10-04,341.4
1993-10-05,339.5
1993-10-06,343.4
1993-10-07,322.3
1993-10-08,340.4
1993-10-09,322.2
1993-10-10,308.7
1993-10-11,300.2
1993-10-12,320.3
1993-10-13,303.3
1993-10-14,293.3
1993-10-15,323.6
1993-10-16,338.3
1993-10-17,318.6
1993-10-18,280.6
1993-10-19,320.0
1993-10-20,310.8
1993-10-21,328.9
1993-10-22,327.7
1993-10-23,290.6
1993-10-24,300.9
1993-10-25,275.5
1993-10-26,306.9
1993-10-27,321.6
1993-10-28,305.7
1993-10-29,317.9
1993-10-30,284.7
1993-10-31,299.6
1993-11-01,280.6
1993-11-02,282.2
1993-11-03,305.4
1993-11-04,313.1
1993-11-05,306.2
1993-11-06,287.6
1993-11-07,296.3
1993-11-08,264.4
1993-11-09,273.4
1993-11-10,288.3
1993-11-11,305.2
1993-11-12,283.1
1993-11-13,309.1
1993-11-14,307.0
1993-11-15,291.0
1993-11-16,283.8
1993-11-17,278.9
1993-11-18,253.1
1993-11-19,301.0
1993-11-20,281.5
1993-11-21,280.7
1993-11-22,279.4
1993-11-23,298.3
1993-11-24,263.3
1993-11-25,261.9
1993-11-26,280.6
1993-11-27,280.8
1993-11-28,264.1
1993-11-29,275.8
1993-11-30,269.5
1993-12-01,260.7
1993-12-02,281.8
1993-12-03,283.9
1993-12-04,277.1
1993-12-05,277.2
1993-12-06,295.2
1993-12-07,285.5
1993-12-08,267.1
1993-12-09,268.8
1993-12-10,292.9
1993-12-11,268.2
1993-12-12,254.5
1993-12-13,273.7
1993-12-14,273.9
1993-12-15,270.5
1993-12-16,249.3
1993-12-17,260.1
1993-12-18,297.4
1993-12-19,301.6
1993-12-20,288.0
1993-12-21,286.8
1993-12-22,275.2
1993-12-23,257.5
1993-12-24,264.6
1993-12-25,256.6
1993-12-26,245.4
1993-12-27,249.4
1993-12-28,250.6
1993-12-29,257.4
1993-12-30,246.0
1993-12-31,264.7
1994-01-01,251.4
1994-01-02,222.0
1994-01-03,237.6
1994-01-04,226.8
1994-01-05,222.6
1994-01-06,233.3
1994-01-07,240.2
1994-01-08,245.8
1994-01-09,245.0
1994-01-10,243.4
1994-01-11,241.9
1994-01-12,235.7
1994-01-13,241.9
1994-01-14,241.9
1994-01-15,224.7
1994-01-16,216.1
1994-01-17,238.1
1994-01-18,224.3
1994-01-19,220.7
1994-01-20,221.2
1994-01-21,237.0
1994-01-22,231.0
1994-01-23,249.6
1994-01-24,249.8
1994-01-25,220.7
1994-01-26,234.8
1994-01-27,234.1
1994-01-28,257.8
1994-01-29,229.6
1994-01-30,230.0
1994-01-31,232.1
1994-02-01,230.3
1994-02-02,228.4
1994-02-03,228.3
1994-02-04,225.6
1994-02-05,228.5
1994-02-06,231.7
1994-02-07,226.8
1994-02-08,234.9
1994-02-09,241.0
1994-02-10,240.2
1994-02-11,242.7
1994-02-12,256.4
1994-02-13,234.1
1994-02-14,248.7
1994-02-15,233.5
1994-02-16,242.6
1994-02-17,246.6
1994-02-18,238.8
1994-02-19,284.5
1994-02-20,290.5
1994-02-21,272.2
1994-02-22,228.4
1994-02-23,252.5
1994-02-24,260.6
1994-02-25,242.4
1994-02-26,237.8
1994-02-27,244.0
1994-02-28,239.8
1994-03-01,232.5
1994-03-02,235.8
1994-03-03,248.4
1994-03-04,269.3
1994-03-05,230.4
1994-03-06,274.6
1994-03-07,281.0
1994-03-08,247.0
1994-03-09,248.8
1994-03-10,255.6
1994-03-11,241.5
1994-03-12,265.7
1994-03-13,274.1
1994-03-14,250.7
1994-03-15,284.8
1994-03-16,252.3
1994-03-17,249.8
1994-03-18,268.0
1994-03-19,235.5
1994-03-20,243.4
1994-03-21,282.8
1994-03-22,275.0
1994-03-23,298.2
1994-03-24,295.6
1994-03-25,284.1
1994-03-26,241.4
1994-03-27,286.2
1994-03-28,284.9
1994-03-29,290.3
1994-03-30,270.3
1994-03-31,251.5
1994-04-01,268.2
1994-04-02,283.2
1994-04-03,263.6
1994-04-04,258.9
1994-04-05,284.2
1994-04-06,273.8
1994-04-07,266.7
1994-04-08,263.5
1994-04-09,288.9
1994-04-10,292.5
1994-04-11,272.3
1994-04-12,283.7
1994-04-13,325.9
1994-04-14,309.3
1994-04-15,311.7
1994-04-16,310.5
1994-04-17,304.6
1994-04-18,294.3
1994-04-19,287.7
1994-04-20,290.4
1994-04-21,281.0
1994-04-22,280.5
1994-04-23,296.0
1994-04-24,311.4
1994-04-25,348.8
1994-04-26,345.3
1994-04-27,336.2
1994-04-28,282.0
1994-04-29,321.9
1994-04-30,302.7
1994-05-01,301.3
1994-05-02,270.6
1994-05-03,258.2
1994-05-04,295.9
1994-05-05,337.1
1994-05-06,327.5
1994-05-07,313.6
1994-05-08,308.1
1994-05-09,314.4
1994-05-10,285.5
1994-05-11,311.7
1994-05-12,308.9
1994-05-13,262.9
1994-05-14,293.4
1994-05-15,348.3
1994-05-16,325.4
1994-05-17,325.9
1994-05-18,331.3
1994-05-19,317.9
1994-05-20,309.4
1994-05-21,344.6
1994-05-22,337.9
1994-05-23,329.0
1994-05-24,346.9
1994-05-25,358.4
1994-05-26,323.9
1994-05-27,308.5
1994-05-28,335.6
1994-05-29,335.0
1994-05-30,340.5
1994-05-31,349.4
1994-06-01,345.4
1994-06-02,345.0
1994-06-03,310.4
1994-06-04,317.9
1994-06-05,339.4
1994-06-06,367.2
1994-06-07,367.5
1994-06-08,321.9
1994-06-09,336.9
1994-06-10,337.3
1994-06-11,368.1
1994-06-12,367.5
1994-06-13,370.9
1994-06-14,379.1
1994-06-15,384.1
1994-06-16,398.3
1994-06-17,393.2
1994-06-18,382.7
1994-06-19,377.6
1994-06-20,386.8
1994-06-21,376.9
1994-06-22,368.3
1994-06-23,376.6
1994-06-24,373.8
1994-06-25,401.1
1994-06-26,381.4
1994-06-27,396.1
1994-06-28,404.0
1994-06-29,404.9
1994-06-30,398.6
1994-07-01,371.8
1994-07-02,402.3
1994-07-03,353.2
1994-07-04,371.8
1994-07-05,417.0
1994-07-06,414.4
1994-07-07,408.5
1994-07-08,411.5
1994-07-09,415.9
1994-07-10,380.1
1994-07-11,360.3
1994-07-12,399.4
1994-07-13,379.4
1994-07-14,392.5
1994-07-15,400.1
1994-07-16,386.8
1994-07-17,391.5
1994-07-18,396.5
1994-07-19,386.2
1994-07-20,403.9
1994-07-21,420.1
1994-07-22,411.5
1994-07-23,383.6
1994-07-24,382.2
1994-07-25,383.8
1994-07-26,371.8
1994-07-27,380.1
1994-07-28,398.2
1994-07-29,364.6
1994-07-30,388.9
1994-07-31,373.6
1994-08-01,389.9
1994-08-02,407.7
1994-08-03,368.0
1994-08-04,405.4
1994-08-05,357.5
1994-08-06,350.8
1994-08-07,333.7
1994-08-08,368.5
1994-08-09,373.6
1994-08-10,370.8
1994-08-11,385.1
1994-08-12,388.1
1994-08-13,394.7
1994-08-14,367.7
1994-08-15,368.4
1994-08-16,348.3
1994-08-17,359.4
1994-08-18,369.0
1994-08-19,364.7
1994-08-20,389.8
1994-08-21,383.3
1994-08-22,336.8
1994-08-23,335.7
1994-08-24,368.3
1994-08-25,378.0
1994-08-26,379.2
1994-08-27,370.4
1994-08-28,400.1
1994-08-29,363.3
1994-08-30,361.3
1994-08-31,384.7
1994-09-01,354.1
1994-09-02,338.4
1994-09-03,346.6
1994-09-04,340.1
1994-09-05,327.4
1994-09-06,368.5
1994-09-07,349.2
1994-09-08,364.8
1994-09-09,339.0
1994-09-10,342.9
1994-09-11,334.7
1994-09-12,363.5
1994-09-13,392.1
1994-09-14,380.3
1994-09-15,382.3
1994-09-16,363.6
1994-09-17,375.4
1994-09-18,346.8
1994-09-19,326.8
1994-09-20,342.2
1994-09-21,329.7
1994-09-22,358.4
1994-09-23,364.8
1994-09-24,379.4
1994-09-25,369.1
1994-09-26,362.9
1994-09-27,370.2
1994-09-28,351.9
1994-09-29,349.8
1994-09-30,340.1
1994-10-01,331.6
1994-10-02,309.3
1994-10-03,299.9
1994-10-04,340.4
1994-10-05,340.0
1994-10-06,321.2
1994-10-07,310.1
1994-10-08,341.3
1994-10-09,351.8
1994-10-10,316.7
1994-10-11,295.2
1994-10-12,297.9
1994-10-13,333.6
1994-10-14,302.5
1994-10-15,293.5
1994-10-16,304.9
1994-10-17,330.7
1994-10-18,337.0
1994-10-19,355.0
1994-10-20,335.1
1994-10-21,324.3
1994-10-22,323.8
1994-10-23,312.7
1994-10-24,316.5
1994-10-25,327.8
1994-10-26,328.4
1994-10-27,323.7
1994-10-28,322.3
1994-10-29,339.4
1994-10-30,302.1
1994-10-31,323.1
1994-11-01,294.4
1994-11-02,291.0
1994-11-03,334.4
1994-11-04,353.6
1994-11-05,335.7
1994-11-06,325.4
1994-11-07,293.4
1994-11-08,323.9
1994-11-09,306.3
1994-11-10,292.7
1994-11-11,290.3
1994-11-12,296.7
1994-11-13,332.6
1994-11-14,339.1
1994-11-15,304.8
1994-11-16,300.7
1994-11-17,290.2
1994-11-18,301.9
1994-11-19,299.1
1994-11-20,290.3
1994-11-21,300.4
1994-11-22,263.3
1994-11-23,278.3
1994-11-24,297.5
1994-11-25,264.6
1994-11-26,261.4
1994-11-27,283.7
1994-11-28,301.3
1994-11-29,304.3
1994-11-30,301.1
1994-12-01,301.1
1994-12-02,262.3
1994-12-03,300.3
1994-12-04,286.7
1994-12-05,304.9
1994-12-06,285.8
1994-12-07,278.9
1994-12-08,274.5
1994-12-09,264.9
1994-12-10,269.5
1994-12-11,269.5
1994-12-12,270.8
1994-12-13,276.3
1994-12-14,268.7
1994-12-15,262.1
1994-12-16,264.5
1994-12-17,282.9
1994-12-18,265.7
1994-12-19,285.1
1994-12-20,282.4
1994-12-21,254.2
1994-12-22,256.3
1994-12-23,267.2
1994-12-24,257.0
1994-12-25,257.6
1994-12-26,256.9
1994-12-27,266.1
1994-12-28,268.6
1994-12-29,243.9
1994-12-30,262.4
1994-12-31,274.6
1995-01-01,267.4
1995-01-02,243.3
1995-01-03,264.5
1995-01-04,255.7
1995-01-05,238.7
1995-01-06,257.5
1995-01-07,251.2
1995-01-08,261.4
1995-01-09,281.5
1995-01-10,264.2
1995-01-11,268.3
1995-01-12,288.8
1995-01-13,304.7
1995-01-14,303.8
1995-01-15,300.3
1995-01-16,251.1
1995-01-17,282.5
1995-01-18,284.2
1995-01-19,285.5
1995-01-20,274.1
1995-01-21,275.2
1995-01-22,256.6
1995-01-23,236.9
1995-01-24,251.8
1995-01-25,260.9
1995-01-26,263.3
1995-01-27,251.8
1995-01-28,234.7
1995-01-29,258.7
1995-01-30,278.4
1995-01-31,263.4
1995-02-01,278.1
1995-02-02,243.2
1995-02-03,255.4
1995-02-04,262.7
1995-02-05,239.2
1995-02-06,239.8
1995-02-07,238.4
1995-02-08,237.0
1995-02-09,253.7
1995-02-10,261.1
1995-02-11,250.3
1995-02-12,243.0
1995-02-13,250.2
1995-02-14,236.9
1995-02-15,272.0
1995-02-16,252.2
1995-02-17,233.0
1995-02-18,247.1
1995-02-19,271.9
1995-02-20,278.6
1995-02-21,263.5
1995-02-22,271.0
1995-02-23,262.6
1995-02-24,240.0
1995-02-25,258.4
1995-02-26,232.4
1995-02-27,266.4
1995-02-28,276.1
1995-03-01,278.2
1995-03-02,273.2
1995-03-03,276.3
1995-03-04,271.4
1995-03-05,283.5
1995-03-06,294.3
1995-03-07,305.2
1995-03-08,277.1
1995-03-09,282.3
1995-03-10,282.9
1995-03-11,291.9
1995-03-12,266.0
1995-03-13,283.6
1995-03-14,289.7
1995-03-15,299.4
1995-03-16,307.0
1995-03-17,286.1
1995-03-18,281.6
1995-03-19,309.8
1995-03-20,309.8
1995-03-21,309.9
1995-03-22,304.8
1995-03-23,263.2
1995-03-24,246.7
1995-03-25,258.2
1995-03-26,274.8
1995-03-27,264.2
1995-03-28,263.8
1995-03-29,284.1
1995-03-30,313.7
1995-03-31,292.5
1995-04-01,264.8
1995-04-02,272.7
1995-04-03,295.8
1995-04-04,277.9
1995-04-05,267.2
1995-04-06,285.8
1995-04-07,280.0
1995-04-08,299.0
1995-04-09,282.7
1995-04-10,273.1
1995-04-11,288.4
1995-04-12,329.9
1995-04-13,310.5
1995-04-14,294.7
1995-04-15,255.9
1995-04-16,280.6
1995-04-17,303.7
1995-04-18,316.5
1995-04-19,321.0
1995-04-20,314.8
1995-04-21,322.8
1995-04-22,313.8
1995-04-23,284.8
1995-04-24,287.4
1995-04-25,303.3
1995-04-26,305.9
1995-04-27,319.3
1995-04-28,322.9
1995-04-29,316.1
1995-04-30,302.4
1995-05-01,311.3
1995-05-02,330.1
1995-05-03,316.5
1995-05-04,302.9
1995-05-05,341.2
1995-05-06,295.3
1995-05-07,291.0
1995-05-08,316.6
1995-05-09,332.2
1995-05-10,340.4
1995-05-11,357.1
1995-05-12,322.3
1995-05-13,308.7
1995-05-14,353.8
1995-05-15,318.7
1995-05-16,332.8
1995-05-17,343.0
1995-05-18,328.9
1995-05-19,308.8
1995-05-20,299.7
1995-05-21,315.1
1995-05-22,313.7
1995-05-23,340.0
1995-05-24,349.7
1995-05-25,345.4
1995-05-26,311.6
1995-05-27,322.5
1995-05-28,354.3
1995-05-29,369.9
1995-05-30,342.9
1995-05-31,337.1
1995-06-01,355.4
1995-06-02,378.9
1995-06-03,385.9
1995-06-04,330.3
1995-06-05,338.9
1995-06-06,379.1
1995-06-07,380.9
1995-06-08,364.9
1995-06-09,345.9
1995-06-10,384.6
1995-06-11,373.2
1995-06-12,336.6
1995-06-13,334.8
1995-06-14,334.0
1995-06-15,341.0
1995-06-16,374.3
1995-06-17,394.6
1995-06-18,407.3
1995-06-19,387.9
1995-06-20,366.9
1995-06-21,351.4
1995-06-22,361.7
1995-06-23,384.8
1995-06-24,389.4
1995-06-25,396.1
1995-06-26,399.5
1995-06-27,398.8
1995-06-28,396.2
1995-06-29,399.1
1995-06-30,404.1
1995-07-01,391.9
1995-07-02,363.0
1995-07-03,360.6
1995-07-04,384.2
1995-07-05,417.5
1995-07-06,404.3
1995-07-07,391.6
1995-07-08,387.0
1995-07-09,390.8
1995-07-10,376.0
1995-07-11,389.3
1995-07-12,398.8
1995-07-13,412.6
1995-07-14,403.6
1995-07-15,401.2
1995-07-16,413.6
1995-07-17,389.2
1995-07-18,383.0
1995-07-19,377.1
1995-07-20,406.0
1995-07-21,369.8
1995-07-22,385.1
1995-07-23,399.9
1995-07-24,387.0
1995-07-25,420.3
1995-07-26,401.0
1995-07-27,406.2
1995-07-28,416.1
1995-07-29,372.2
1995-07-30,361.9
1995-07-31,368.4
1995-08-01,406.5
1995-08-02,419.3
1995-08-03,415.9
1995-08-04,424.2
1995-08-05,412.7
1995-08-06,403.3
1995-08-07,406.2
1995-08-08,405.7
1995-08-09,392.7
1995-08-10,409.9
1995-08-11,404.3
1995-08-12,405.4
1995-08-13,398.5
1995-08-14,423.2
1995-08-15,408.1
1995-08-16,397.1
1995-08-17,414.3
1995-08-18,396.0
1995-08-19,373.5
1995-08-20,386.0
1995-08-21,360.9
1995-08-22,380.6
1995-08-23,362.3
1995-08-24,371.4
1995-08-25,360.6
1995-08-26,395.0
1995-08-27,378.5
1995-08-28,350.3
1995-08-29,376.9
1995-08-30,347.7
1995-08-31,387.2
1995-09-01,368.0
1995-09-02,357.8
1995-09-03,389.6
1995-09-04,345.7
1995-09-05,364.0
1995-09-06,385.9
1995-09-07,387.1
1995-09-08,359.1
1995-09-09,341.6
1995-09-10,329.7
1995-09-11,333.4
1995-09-12,376.6
1995-09-13,393.3
1995-09-14,368.4
1995-09-15,331.9
1995-09-16,345.2
1995-09-17,369.8
1995-09-18,317.4
1995-09-19,324.4
1995-09-20,360.5
1995-09-21,378.8
1995-09-22,347.9
1995-09-23,320.3
1995-09-24,333.5
1995-09-25,354.1
1995-09-26,359.3
1995-09-27,318.2
1995-09-28,323.2
1995-09-29,324.1
1995-09-30,335.5
1995-10-01,334.4
1995-10-02,324.4
1995-10-03,332.5
1995-10-04,365.0
1995-10-05,334.9
1995-10-06,349.3
1995-10-07,337.9
1995-10-08,338.4
1995-10-09,330.6
1995-10-10,322.0
1995-10-11,317.7
1995-10-12,303.1
1995-10-13,303.9
1995-10-14,335.2
1995-10-15,335.0
1995-10-16,305.9
1995-10-17,295.8
1995-10-18,319.7
1995-10-19,335.6
1995-10-20,332.2
1995-10-21,324.3
1995-10-22,314.3
1995-10-23,287.7
1995-10-24,327.0
1995-10-25,326.1
1995-10-26,303.1
1995-10-27,329.9
1995-10-28,313.6
1995-10-29,306.2
1995-10-30,298.3
1995-10-31,310.5
1995-11-01,314.8
1995-11-02,321.6
1995-11-03,297.2
1995-11-04,263.1
1995-11-05,253.1
1995-11-06,261.7
1995-11-07,286.0
1995-11-08,270.2
1995-11-09,287.9
1995-11-10,301.5
1995-11-11,293.1
1995-11-12,267.1
1995-11-13,290.4
1995-11-14,284.7
1995-11-15,270.9
1995-11-16,262.7
1995-11-17,244.2
1995-11-18,285.8
1995-11-19,254.4
1995-11-20,280.5
1995-11-21,262.0
1995-11-22,260.4
1995-11-23,258.7
1995-11-24,241.8
1995-11-25,261.2
1995-11-26,273.2
1995-11-27,278.5
1995-11-28,235.3
1995-11-29,247.3
1995-11-30,255.9
1995-12-01,281.1
1995-12-02,243.1
1995-12-03,273.7
1995-12-04,252.5
1995-12-05,266.8
1995-12-06,224.1
1995-12-07,230.5
1995-12-08,235.2
1995-12-09,258.9
1995-12-10,245.0
1995-12-11,229.8
1995-12-12,232.9
1995-12-13,240.7
1995-12-14,285.2
1995-12-15,267.2
1995-12-16,254.9
1995-12-17,228.6
1995-12-18,250.8
1995-12-19,246.1
1995-12-20,229.6
1995-12-21,225.9
1995-12-22,237.8
1995-12-23,231.1
1995-12-24,227.6
1995-12-25,255.6
1995-12-26,222.5
1995-12-27,232.9
1995-12-28,220.0
1995-12-29,238.1
1995-12-30,248.1
1995-12-31,267.8
1996-01-01,251.8
1996-01-02,232.0
1996-01-03,233.2
1996-01-04,228.3
1996-01-05,217.9
1996-01-06,222.0
1996-01-07,233.4
1996-01-08,221.8
1996-01-09,244.1
1996-01-10,219.5
1996-01-11,241.6
1996-01-12,228.0
1996-01-13,248.9
1996-01-14,263.4
1996-01-15,214.0
1996-01-16,258.8
1996-01-17,270.2
1996-01-18,271.5
1996-01-19,257.0
1996-01-20,231.2
1996-01-21,233.1
1996-01-22,243.3
1996-01-23,258.4
1996-01-24,246.3
1996-01-25,235.5
1996-01-26,250.6
1996-01-27,249.2
1996-01-28,230.5
1996-01-29,251.2
1996-01-30,227.1
1996-01-31,227.7
1996-02-01,218.1
1996-02-02,216.4
1996-02-03,216.0
1996-02-04,216.9
1996-02-05,224.2
1996-02-06,242.7
1996-02-07,271.1
1996-02-08,273.3
1996-02-09,244.9
1996-02-10,267.0
1996-02-11,251.9
1996-02-12,226.9
1996-02-13,234.1
1996-02-14,249.3
1996-02-15,239.4
1996-02-16,242.5
1996-02-17,257.7
1996-02-18,248.4
1996-02-19,255.9
1996-02-20,289.2
1996-02-21,294.3
1996-02-22,279.6
1996-02-23,293.5
1996-02-24,287.6
1996-02-25,271.1
1996-02-26,242.7
1996-02-27,273.0
1996-02-28,266.1
1996-03-01,236.0
1996-03-02,272.6
1996-03-03,255.5
1996-03-04,243.8
1996-03-05,263.7
1996-03-06,254.6
1996-03-07,247.3
1996-03-08,248.1
1996-03-09,259.7
1996-03-10,242.6
1996-03-11,257.9
1996-03-12,255.3
1996-03-13,259.3
1996-03-14,285.2
1996-03-15,274.7
1996-03-16,223.1
1996-03-17,238.4
1996-03-18,271.1
1996-03-19,279.3
1996-03-20,292.4
1996-03-21,280.5
1996-03-22,271.6
1996-03-23,252.6
1996-03-24,267.8
1996-03-25,276.1
1996-03-26,273.0
1996-03-27,249.5
1996-03-28,255.6
1996-03-29,256.7
1996-03-30,255.8
1996-03-31,279.0
1996-04-01,276.2
1996-04-02,257.3
1996-04-03,286.7
1996-04-04,275.5
1996-04-05,262.0
1996-04-06,266.7
1996-04-07,286.0
1996-04-08,255.6
1996-04-09,254.0
1996-04-10,272.5
1996-04-11,306.2
1996-04-12,301.1
1996-04-13,283.8
1996-04-14,273.0
1996-04-15,295.2
1996-04-16,310.2
1996-04-17,288.5
1996-04-18,290.4
1996-04-19,327.1
1996-04-20,326.3
1996-04-21,314.4
1996-04-22,317.7
1996-04-23,310.4
1996-04-24,306.5
1996-04-25,330.0
1996-04-26,326.4
1996-04-27,315.7
1996-04-28,293.5
1996-04-29,321.8
1996-04-30,327.2
1996-05-01,303.7
1996-05-02,294.9
1996-05-03,312.4
1996-05-04,312.5
1996-05-05,295.1
1996-05-06,281.7
1996-05-07,310.1
1996-05-08,297.0
1996-05-09,321.2
1996-05-10,344.7
1996-05-11,301.9
1996-05-12,289.1
1996-05-13,277.3
1996-05-14,294.0
1996-05-15,299.4
1996-05-16,341.2
1996-05-17,348.2
1996-05-18,346.9
1996-05-19,360.2
1996-05-20,371.1
1996-05-21,321.6
1996-05-22,330.5
1996-05-23,326.6
1996-05-24,299.2
1996-05-25,302.6
1996-05-26,336.9
1996-05-27,323.7
1996-05-28,325.6
1996-05-29,294.6
1996-05-30,295.7
1996-05-31,304.7
1996-06-01,317.1
1996-06-02,352.6
1996-06-03,370.4
1996-06-04,366.4
1996-06-05,361.3
1996-06-06,352.4
1996-06-07,374.0
1996-06-08,366.9
1996-06-09,364.8
1996-06-10,379.4
1996-06-11,387.5
1996-06-12,378.1
1996-06-13,386.4
1996-06-14,363.1
1996-06-15,342.2
1996-06-16,376.9
1996-06-17,374.9
1996-06-18,369.3
1996-06-19,398.9
1996-06-20,392.7
1996-06-21,364.3
1996-06-22,378.4
1996-06-23,347.9
1996-06-24,383.0
1996-06-25,346.4
1996-06-26,349.9
1996-06-27,365.9
1996-06-28,366.0
1996-06-29,385.9
1996-06-30,386.3
1996-07-01,355.7
1996-07-02,361.7
1996-07-03,374.3
1996-07-04,369.4
1996-07-05,357.7
1996-07-06,379.8
1996-07-07,395.7
1996-07-08,364.3
1996-07-09,372.0
1996-07-10,356.1
1996-07-11,346.7
1996-07-12,379.1
1996-07-13,398.5
1996-07-14,381.4
1996-07-15,382.2
1996-07-16,367.7
1996-07-17,357.8
1996-07-18,390.9
1996-07-19,394.1
1996-07-20,336.7
1996-07-21,352.4
1996-07-22,353.1
1996-07-23,377.2
1996-07-24,387.5
1996-07-25,380.9
1996-07-26,372.4
1996-07-27,338.2
1996-07-28,339.9
1996-07-29,381.3
1996-07-30,383.3
1996-07-31,380.3
1996-08-01,384.1
1996-08-02,368.1
1996-08-03,367.7
1996-08-04,350.7
1996-08-05,373.3
1996-08-06,382.5
1996-08-07,402.1
1996-08-08,400.0
1996-08-09,353.5
1996-08-10,351.0
1996-08-11,366.2
1996-08-12,382.6
1996-08-13,378.9
1996-08-14,352.1
1996-08-15,390.7
1996-08-16,396.7
1996-08-17,369.9
1996-08-18,349.5
1996-08-19,371.6
1996-08-20,403.7
1996-08-21,358.0
1996-08-22,374.7
1996-08-23,400.7
1996-08-24,351.4
1996-08-25,356.6
1996-08-26,379.4
1996-08-27,387.1
1996-08-28,361.4
1996-08-29,362.9
1996-08-30,351.4
1996-08-31,345.4
1996-09-01,345.1
1996-09-02,351.2
1996-09-03,360.1
1996-09-04,377.3
1996-09-05,383.6
1996-09-06,386.8
1996-09-07,390.8
1996-09-08,393.6
1996-09-09,377.6
1996-09-10,370.7
1996-09-11,359.0
1996-09-12,367.5
1996-09-13,352.6
1996-09-14,377.1
1996-09-15,384.5
1996-09-16,371.7
1996-09-17,375.2
1996-09-18,338.4
1996-09-19,312.8
1996-09-20,334.6
1996-09-21,348.7
1996-09-22,357.7
1996-09-23,316.4
1996-09-24,347.4
1996-09-25,349.8
1996-09-26,332.8
1996-09-27,354.4
1996-09-28,335.3
1996-09-29,346.8
1996-09-30,342.1
1996-10-01,333.6
1996-10-02,363.2
1996-10-03,330.5
1996-10-04,321.2
1996-10-05,314.9
1996-10-06,302.4
1996-10-07,348.7
1996-10-08,341.5
1996-10-09,339.8
1996-10-10,331.7
1996-10-11,328.7
1996-10-12,350.8
1996-10-13,331.1
1996-10-14,296.5
1996-10-15,317.7
1996-10-16,338.1
1996-10-17,329.6
1996-10-18,334.7
1996-10-19,318.7
1996-10-20,342.9
1996-10-21,333.0
1996-10-22,303.5
1996-10-23,335.5
1996-10-24,323.9
1996-10-25,283.5
1996-10-26,300.5
1996-10-27,337.9
1996-10-28,329.4
1996-10-29,300.2
1996-10-30,328.6
1996-10-31,305.2
1996-11-01,287.0
1996-11-02,281.6
1996-11-03,289.0
1996-11-04,275.0
1996-11-05,286.5
1996-11-06,305.3
1996-11-07,335.7
1996-11-08,293.8
1996-11-09,284.4
1996-11-10,271.8
1996-11-11,253.4
1996-11-12,252.3
1996-11-13,255.6
1996-11-14,244.7
1996-11-15,244.7
1996-11-16,252.3
1996-11-17,275.7
1996-11-18,281.4
1996-11-19,288.2
1996-11-20,249.6
1996-11-21,267.8
1996-11-22,247.2
1996-11-23,287.2
1996-11-24,256.3
1996-11-25,262.8
1996-11-26,269.3
1996-11-27,244.5
1996-11-28,275.2
1996-11-29,279.2
1996-11-30,277.9
1996-12-01,294.0
1996-12-02,269.1
1996-12-03,268.5
1996-12-04,270.6
1996-12-05,277.7
1996-12-06,277.3
1996-12-07,261.9
1996-12-08,262.9
1996-12-09,256.1
1996-12-10,273.9
1996-12-11,278.7
1996-12-12,277.5
1996-12-13,277.7
1996-12-14,249.9
1996-12-15,262.9
1996-12-16,285.4
1996-12-17,269.9
1996-12-18,263.9
1996-12-19,227.3
1996-12-20,232.4
1996-12-21,255.8
1996-12-22,275.1
1996-12-23,291.3
1996-12-24,288.4
1996-12-25,261.7
1996-12-26,263.5
1996-12-27,259.9
1996-12-28,274.0
1996-12-29,289.0
1996-12-30,252.6
1996-12-31,250.8
1997-01-01,241.4
1997-01-02,261.1
1997-01-03,283.3
1997-01-04,264.5
1997-01-05,275.8
1997-01-06,260.0
1997-01-07,245.9
1997-01-08,220.1
1997-01-09,259.6
1997-01-10,270.4
1997-01-11,257.2
1997-01-12,242.1
1997-01-13,247.9
1997-01-14,236.1
1997-01-15,247.0
1997-01-16,236.8
1997-01-17,231.0
1997-01-18,211.7
1997-01-19,224.1
1997-01-20,226.0
1997-01-21,246.3
1997-01-22,278.6
1997-01-23,218.9
1997-01-24,240.1
1997-01-25,253.7
1997-01-26,222.0
1997-01-27,247.6
1997-01-28,225.9
1997-01-29,223.0
1997-01-30,245.4
1997-01-31,265.8
1997-02-01,236.0
1997-02-02,244.3
1997-02-03,234.2
1997-02-04,260.7
1997-02-05,258.8
1997-02-06,249.6
1997-02-07,247.5
1997-02-08,218.2
1997-02-09,219.0
1997-02-10,235.6
1997-02-11,238.2
1997-02-12,230.8
1997-02-13,223.5
1997-02-14,254.9
1997-02-15,230.3
1997-02-16,248.0
1997-02-17,253.9
1997-02-18,266.2
1997-02-19,269.3
1997-02-20,231.7
1997-02-21,292.9
1997-02-22,221.6
1997-02-23,248.6
1997-02-24,241.4
1997-02-25,247.1
1997-02-26,261.1
1997-02-27,264.1
1997-02-28,250.3
1997-03-01,298.2
1997-03-02,284.9
1997-03-03,242.1
1997-03-04,274.0
1997-03-05,277.1
1997-03-06,261.1
1997-03-07,244.8
1997-03-08,261.4
1997-03-09,255.4
1997-03-10,258.3
1997-03-11,242.6
1997-03-12,231.1
1997-03-13,245.8
1997-03-14,270.4
1997-03-15,252.0
1997-03-16,254.5
1997-03-17,263.3
1997-03-18,251.0
1997-03-19,244.0
1997-03-20,280.4
1997-03-21,275.6
1997-03-22,239.1
1997-03-23,235.4
1997-03-24,250.6
1997-03-25,277.4
1997-03-26,291.5
1997-03-27,266.8
1997-03-28,296.5
1997-03-29,312.9
1997-03-30,280.5
1997-03-31,270.2
1997-04-01,230.0
1997-04-02,253.2
1997-04-03,312.5
1997-04-04,272.9
1997-04-05,315.6
1997-04-06,301.1
1997-04-07,304.4
1997-04-08,291.7
1997-04-09,252.6
1997-04-10,249.4
1997-04-11,290.5
1997-04-12,299.1
1997-04-13,287.5
1997-04-14,252.0
1997-04-15,268.2
1997-04-16,297.2
1997-04-17,297.3
1997-04-18,243.9
1997-04-19,281.6
1997-04-20,299.9
1997-04-21,284.9
1997-04-22,302.2
1997-04-23,294.7
1997-04-24,309.1
1997-04-25,291.5
1997-04-26,267.9
1997-04-27,300.8
1997-04-28,311.5
1997-04-29,284.6
1997-04-30,328.7
1997-05-01,341.0
1997-05-02,306.8
1997-05-03,316.5
1997-05-04,288.2
1997-05-05,289.5
1997-05-06,295.4
1997-05-07,274.8
1997-05-08,303.4
1997-05-09,328.7
1997-05-10,311.2
1997-05-11,296.6
1997-05-12,333.8
1997-05-13,286.6
1997-05-14,322.1
1997-05-15,327.0
1997-05-16,321.5
1997-05-17,318.5
1997-05-18,297.3
1997-05-19,328.0
1997-05-20,304.7
1997-05-21,302.5
1997-05-22,280.1
1997-05-23,296.5
1997-05-24,323.9
1997-05-25,316.6
1997-05-26,285.0
1997-05-27,273.1
1997-05-28,301.1
1997-05-29,329.1
1997-05-30,357.7
1997-05-31,338.7
1997-06-01,327.5
1997-06-02,336.7
1997-06-03,314.9
1997-06-04,321.8
1997-06-05,353.0
1997-06-06,347.4
1997-06-07,345.3
1997-06-08,363.9
1997-06-09,345.9
1997-06-10,346.6
1997-06-11,368.8
1997-06-12,374.6
1997-06-13,373.4
1997-06-14,355.1
1997-06-15,338.7
1997-06-16,375.4
1997-06-17,373.4
1997-06-18,367.8
1997-06-19,356.1
1997-06-20,387.6
1997-06-21,390.8
1997-06-22,360.4
1997-06-23,351.6
1997-06-24,388.6
1997-06-25,406.1
1997-06-26,374.4
1997-06-27,336.5
1997-06-28,344.2
1997-06-29,360.4
1997-06-30,385.1
1997-07-01,397.3
1997-07-02,389.7
1997-07-03,386.5
1997-07-04,376.2
1997-07-05,359.7
1997-07-06,358.3
1997-07-07,352.2
1997-07-08,376.2
1997-07-09,367.6
1997-07-10,338.1
1997-07-11,372.9
1997-07-12,380.8
1997-07-13,377.7
1997-07-14,403.1
1997-07-15,399.1
1997-07-16,376.7
1997-07-17,395.2
1997-07-18,378.4
1997-07-19,354.0
1997-07-20,378.0
1997-07-21,395.3
1997-07-22,343.5
1997-07-23,380.9
1997-07-24,402.2
1997-07-25,393.9
1997-07-26,407.9
1997-07-27,402.7
1997-07-28,383.6
1997-07-29,354.0
1997-07-30,361.2
1997-07-31,353.9
1997-08-01,392.9
1997-08-02,395.2
1997-08-03,394.1
1997-08-04,373.8
1997-08-05,364.6
1997-08-06,381.6
1997-08-07,374.7
1997-08-08,367.9
1997-08-09,354.3
1997-08-10,392.9
1997-08-11,385.8
1997-08-12,378.7
1997-08-13,389.3
1997-08-14,357.5
1997-08-15,382.9
1997-08-16,385.7
1997-08-17,394.6
1997-08-18,356.8
1997-08-19,376.7
1997-08-20,392.0
1997-08-21,388.4
1997-08-22,388.1
1997-08-23,372.0
1997-08-24,361.6
1997-08-25,370.6
1997-08-26,382.7
1997-08-27,382.8
1997-08-28,359.2
1997-08-29,373.0
1997-08-30,364.1
1997-08-31,388.8
1997-09-01,373.7
1997-09-02,376.0
1997-09-03,350.2
1997-09-04,346.8
1997-09-05,365.2
1997-09-06,367.4
1997-09-07,374.5
1997-09-08,334.1
1997-09-09,352.9
1997-09-10,383.0
1997-09-11,379.3
1997-09-12,375.7
1997-09-13,368.5
1997-09-14,354.5
1997-09-15,347.4
1997-09-16,348.4
1997-09-17,372.8
1997-09-18,334.7
1997-09-19,384.4
1997-09-20,374.2
1997-09-21,325.8
1997-09-22,348.4
1997-09-23,356.5
1997-09-24,326.6
1997-09-25,369.3
1997-09-26,330.2
1997-09-27,333.2
1997-09-28,361.7
1997-09-29,358.2
1997-09-30,367.8
1997-10-01,335.6
1997-10-02,356.1
1997-10-03,358.7
1997-10-04,366.7
1997-10-05,328.0
1997-10-06,329.7
1997-10-07,362.5
1997-10-08,335.1
1997-10-09,368.6
1997-10-10,332.1
1997-10-11,326.9
1997-10-12,330.8
1997-10-13,343.2
1997-10-14,360.9
1997-10-15,353.8
1997-10-16,321.8
1997-10-17,315.8
1997-10-18,309.3
1997-10-19,307.7
1997-10-20,331.1
1997-10-21,323.4
1997-10-22,297.1
1997-10-23,313.6
1997-10-24,319.7
1997-10-25,295.0
1997-10-26,290.9
1997-10-27,313.1
1997-10-28,302.7
1997-10-29,306.5
1997-10-30,298.7
1997-10-31,334.7
1997-11-01,299.2
1997-11-02,310.9
1997-11-03,303.0
1997-11-04,287.9
1997-11-05,302.1
1997-11-06,298.2
1997-11-07,292.1
1997-11-08,284.3
1997-11-09,257.3
1997-11-10,295.9
1997-11-11,266.8
1997-11-12,267.0
1997-11-13,278.1
1997-11-14,273.4
1997-11-15,273.4
1997-11-16,256.0
1997-11-17,265.5
1997-11-18,253.3
1997-11-19,266.2
1997-11-20,255.2
1997-11-21,281.3
1997-11-22,274.1
1997-11-23,270.8
1997-11-24,230.1
1997-11-25,283.4
1997-11-26,306.0
1997-11-27,264.0
1997-11-28,286.0
1997-11-29,253.3
1997-11-30,289.3
1997-12-01,238.9
1997-12-02,228.5
1997-12-03,264.1
1997-12-04,284.6
1997-12-05,278.7
1997-12-06,272.4
1997-12-07,264.6
1997-12-08,238.9
1997-12-09,270.2
1997-12-10,260.6
1997-12-11,265.3
1997-12-12,273.0
1997-12-13,272.9
1997-12-14,246.4
1997-12-15,284.5
1997-12-16,283.8
1997-12-17,252.3
1997-12-18,273.5
1997-12-19,291.8
1997-12-20,267.3
1997-12-21,222.6
1997-12-22,269.8
1997-12-23,262.7
1997-12-24,251.4
1997-12-25,272.4
1997-12-26,274.7
1997-12-27,243.1
1997-12-28,241.8
1997-12-29,263.1
1997-12-30,261.1
1997-12-31,245.6
1998-01-01,265.9
1998-01-02,264.8
1998-01-03,286.0
1998-01-04,270.8
1998-01-05,293.2
1998-01-06,291.5
1998-01-07,282.2
1998-01-08,265.0
1998-01-09,288.6
1998-01-10,263.3
1998-01-11,257.6
1998-01-12,255.2
1998-01-13,269.5
1998-01-14,246.0
1998-01-15,262.2
1998-01-16,225.7
1998-01-17,248.2
1998-01-18,250.9
1998-01-19,251.3
1998-01-20,225.9
1998-01-21,239.1
1998-01-22,232.1
1998-01-23,267.6
1998-01-24,262.5
1998-01-25,238.5
1998-01-26,233.0
1998-01-27,257.9
1998-01-28,261.7
1998-01-29,284.5
1998-01-30,247.0
1998-01-31,226.7
1998-02-01,249.9
1998-02-02,268.1
1998-02-03,243.3
1998-02-04,253.5
1998-02-05,259.8
1998-02-06,239.4
1998-02-07,243.2
1998-02-08,236.9
1998-02-09,242.6
1998-02-10,264.2
1998-02-11,284.8
1998-02-12,282.8
1998-02-13,258.5
1998-02-14,233.9
1998-02-15,255.2
1998-02-16,265.2
1998-02-17,282.8
1998-02-18,292.9
1998-02-19,278.6
1998-02-20,277.3
1998-02-21,275.6
1998-02-22,278.6
1998-02-23,266.9
1998-02-24,255.7
1998-02-25,274.9
1998-02-26,251.6
1998-02-27,270.3
1998-02-28,292.0
1998-03-01,283.8
1998-03-02,289.3
1998-03-03,283.7
1998-03-04,278.6
1998-03-05,282.1
1998-03-06,268.2
1998-03-07,270.4
1998-03-08,263.7
1998-03-09,278.5
1998-03-10,250.5
1998-03-11,235.4
1998-03-12,259.1
1998-03-13,249.3
1998-03-14,281.4
1998-03-15,256.1
1998-03-16,256.3
1998-03-17,262.8
1998-03-18,294.4
1998-03-19,309.1
1998-03-20,293.0
1998-03-21,269.5
1998-03-22,294.0
1998-03-23,293.5
1998-03-24,273.0
1998-03-25,283.8
1998-03-26,315.7
1998-03-27,344.2
1998-03-28,333.4
1998-03-29,298.2
1998-03-30,329.4
1998-03-31,336.3
1998-04-01,311.2
1998-04-02,322.7
1998-04-03,314.2
1998-04-04,296.2
1998-04-05,245.9
1998-04-06,249.3
1998-04-07,275.2
1998-04-08,319.8
1998-04-09,299.4
1998-04-10,275.7
1998-04-11,290.0
1998-04-12,285.8
1998-04-13,303.6
1998-04-14,328.6
1998-04-15,333.2
1998-04-16,325.7
1998-04-17,325.1
1998-04-18,289.4
1998-04-19,307.6
1998-04-20,292.5
1998-04-21,280.2
1998-04-22,281.9
1998-04-23,279.5
1998-04-24,284.9
1998-04-25,283.6
1998-04-26,287.8
1998-04-27,272.7
1998-04-28,275.1
1998-04-29,311.3
1998-04-30,310.5
1998-05-01,360.7
1998-05-02,351.7
1998-05-03,359.6
1998-05-04,349.8
1998-05-05,345.1
1998-05-06,317.0
1998-05-07,330.0
1998-05-08,358.5
1998-05-09,342.2
1998-05-10,341.1
1998-05-11,349.1
1998-05-12,352.0
1998-05-13,339.9
1998-05-14,368.7
1998-05-15,347.0
1998-05-16,350.8
1998-05-17,321.0
1998-05-18,359.4
1998-05-19,385.9
1998-05-20,344.4
1998-05-21,343.0
1998-05-22,337.3
1998-05-23,320.9
1998-05-24,329.4
1998-05-25,359.3
1998-05-26,335.3
1998-05-27,342.4
1998-05-28,355.7
1998-05-29,383.1
1998-05-30,332.7
1998-05-31,357.4
1998-06-01,315.1
1998-06-02,372.5
1998-06-03,340.0
1998-06-04,330.5
1998-06-05,330.3
1998-06-06,345.8
1998-06-07,359.5
1998-06-08,341.7
1998-06-09,336.4
1998-06-10,356.6
1998-06-11,369.3
1998-06-12,384.1
1998-06-13,381.1
1998-06-14,363.0
1998-06-15,374.5
1998-06-16,390.9
1998-06-17,378.0
1998-06-18,369.0
1998-06-19,381.8
1998-06-20,377.9
1998-06-21,373.2
1998-06-22,386.0
1998-06-23,391.5
1998-06-24,375.1
1998-06-25,388.5
1998-06-26,399.4
1998-06-27,377.3
1998-06-28,370.1
1998-06-29,371.9
1998-06-30,389.9
1998-07-01,342.6
1998-07-02,345.3
1998-07-03,367.2
1998-07-04,385.9
1998-07-05,344.8
1998-07-06,393.3
1998-07-07,393.5
1998-07-08,408.3
1998-07-09,366.7
1998-07-10,341.7
1998-07-11,355.4
1998-07-12,382.7
1998-07-13,379.0
1998-07-14,379.2
1998-07-15,379.2
1998-07-16,396.9
1998-07-17,388.9
1998-07-18,367.0
1998-07-19,387.9
1998-07-20,387.7
1998-07-21,402.2
1998-07-22,399.2
1998-07-23,390.8
1998-07-24,385.3
1998-07-25,395.1
1998-07-26,371.9
1998-07-27,383.9
1998-07-28,371.0
1998-07-29,385.0
1998-07-30,396.3
1998-07-31,356.1
1998-08-01,360.2
1998-08-02,379.7
1998-08-03,388.3
1998-08-04,402.1
1998-08-05,401.6
1998-08-06,394.3
1998-08-07,400.1
1998-08-08,392.1
1998-08-09,402.7
1998-08-10,406.0
1998-08-11,388.3
1998-08-12,352.6
1998-08-13,361.2
1998-08-14,376.0
1998-08-15,392.9
1998-08-16,364.0
1998-08-17,384.8
1998-08-18,388.1
1998-08-19,347.8
1998-08-20,373.1
1998-08-21,384.4
1998-08-22,392.4
1998-08-23,414.4
1998-08-24,400.6
1998-08-25,390.9
1998-08-26,366.2
1998-08-27,356.7
1998-08-28,389.0
1998-08-29,396.4
1998-08-30,374.0
1998-08-31,364.5
1998-09-01,374.4
1998-09-02,393.5
1998-09-03,392.7
1998-09-04,355.7
1998-09-05,349.6
1998-09-06,379.4
1998-09-07,394.4
1998-09-08,388.8
1998-09-09,387.0
1998-09-10,360.0
1998-09-11,364.8
1998-09-12,376.8
1998-09-13,365.8
1998-09-14,392.0
1998-09-15,397.4
1998-09-16,349.9
1998-09-17,352.3
1998-09-18,344.1
1998-09-19,356.7
1998-09-20,363.3
1998-09-21,368.3
1998-09-22,375.1
1998-09-23,343.3
1998-09-24,373.4
1998-09-25,375.0
1998-09-26,363.2
1998-09-27,387.7
1998-09-28,341.6
1998-09-29,358.3
1998-09-30,347.6
1998-10-01,320.9
1998-10-02,343.3
1998-10-03,326.3
1998-10-04,301.6
1998-10-05,323.5
1998-10-06,332.5
1998-10-07,359.8
1998-10-08,345.8
1998-10-09,300.1
1998-10-10,289.9
1998-10-11,301.6
1998-10-12,330.1
1998-10-13,357.2
1998-10-14,346.9
1998-10-15,334.4
1998-10-16,299.2
1998-10-17,346.0
1998-10-18,361.6
1998-10-19,326.8
1998-10-20,315.9
1998-10-21,338.6
1998-10-22,327.6
1998-10-23,303.3
1998-10-24,283.1
1998-10-25,303.2
1998-10-26,332.8
1998-10-27,310.3
1998-10-28,313.6
1998-10-29,291.7
1998-10-30,295.1
1998-10-31,298.3
1998-11-01,290.0
1998-11-02,309.0
1998-11-03,276.2
1998-11-04,296.9
1998-11-05,307.8
1998-11-06,303.1
1998-11-07,315.3
1998-11-08,306.1
1998-11-09,313.6
1998-11-10,302.4
1998-11-11,309.0
1998-11-12,291.5
1998-11-13,296.9
1998-11-14,316.5
1998-11-15,314.1
1998-11-16,305.9
1998-11-17,289.0
1998-11-18,289.5
1998-11-19,313.0
1998-11-20,320.7
1998-11-21,317.3
1998-11-22,313.0
1998-11-23,297.7
1998-11-24,292.3
1998-11-25,294.7
1998-11-26,318.8
1998-11-27,293.7
1998-11-28,282.1
1998-11-29,323.5
1998-11-30,334.9
1998-12-01,283.5
1998-12-02,297.6
1998-12-03,319.1
1998-12-04,298.2
1998-12-05,323.4
1998-12-06,330.8
1998-12-07,301.4
1998-12-08,305.6
1998-12-09,280.9
1998-12-10,309.3
1998-12-11,271.1
1998-12-12,268.0
1998-12-13,265.5
1998-12-14,270.9
1998-12-15,265.8
1998-12-16,293.0
1998-12-17,285.5
1998-12-18,259.9
1998-12-19,285.9
1998-12-20,265.3
1998-12-21,293.4
1998-12-22,262.5
1998-12-23,259.8
1998-12-24,240.9
1998-12-25,251.4
1998-12-26,257.7
1998-12-27,281.9
1998-12-28,261.2
1998-12-29,292.2
1998-12-30,261.0
1998-12-31,247.1
1999-01-01,220.6
1999-01-02,234.3
1999-01-03,235.3
1999-01-04,232.6
1999-01-05,231.4
1999-01-06,250.1
1999-01-07,221.1
1999-01-08,242.6
1999-01-09,227.6
1999-01-10,239.9
1999-01-11,241.0
1999-01-12,249.8
1999-01-13,237.2
1999-01-14,245.8
1999-01-15,245.0
1999-01-16,259.0
1999-01-17,242.6
1999-01-18,272.8
1999-01-19,244.0
1999-01-20,226.5
1999-01-21,249.9
1999-01-22,270.2
1999-01-23,296.8
1999-01-24,272.6
1999-01-25,247.6
1999-01-26,240.2
1999-01-27,249.1
1999-01-28,248.6
1999-01-29,226.4
1999-01-30,221.7
1999-01-31,226.9
1999-02-01,278.7
1999-02-02,268.4
1999-02-03,267.1
1999-02-04,286.7
1999-02-05,244.2
1999-02-06,269.5
1999-02-07,272.6
1999-02-08,251.2
1999-02-09,267.3
1999-02-10,248.4
1999-02-11,292.8
1999-02-12,286.2
1999-02-13,262.8
1999-02-14,253.2
1999-02-15,255.1
1999-02-16,280.9
1999-02-17,285.2
1999-02-18,274.4
1999-02-19,232.5
1999-02-20,235.5
1999-02-21,203.9
1999-02-22,221.1
1999-02-23,239.2
1999-02-24,239.7
1999-02-25,262.0
1999-02-26,228.9
1999-02-27,255.6
1999-02-28,278.8
1999-03-01,269.7
1999-03-02,239.5
1999-03-03,266.0
1999-03-04,249.7
1999-03-05,253.9
1999-03-06,248.0
1999-03-07,239.6
1999-03-08,232.4
1999-03-09,245.9
1999-03-10,234.1
1999-03-11,233.7
1999-03-12,227.6
1999-03-13,243.7
1999-03-14,238.4
1999-03-15,231.7
1999-03-16,268.7
1999-03-17,273.6
1999-03-18,288.7
1999-03-19,270.8
1999-03-20,244.5
1999-03-21,282.2
1999-03-22,273.4
1999-03-23,258.2
1999-03-24,276.2
1999-03-25,253.8
1999-03-26,228.0
1999-03-27,236.1
1999-03-28,253.2
1999-03-29,283.5
1999-03-30,262.0
1999-03-31,299.0
1999-04-01,335.8
1999-04-02,312.5
1999-04-03,310.0
1999-04-04,315.3
1999-04-05,268.2
1999-04-06,329.9
1999-04-07,300.5
1999-04-08,280.8
1999-04-09,295.5
1999-04-10,290.9
1999-04-11,305.5
1999-04-12,269.3
1999-04-13,248.0
1999-04-14,264.8
1999-04-15,296.5
1999-04-16,316.5
1999-04-17,318.5
1999-04-18,302.4
1999-04-19,321.5
1999-04-20,304.8
1999-04-21,309.0
1999-04-22,308.5
1999-04-23,295.8
1999-04-24,244.2
1999-04-25,261.7
1999-04-26,275.6
1999-04-27,276.4
1999-04-28,271.8
1999-04-29,273.3
1999-04-30,291.8
1999-05-01,307.1
1999-05-02,305.0
1999-05-03,309.9
1999-05-04,321.7
1999-05-05,336.1
1999-05-06,352.8
1999-05-07,336.9
1999-05-08,352.2
1999-05-09,337.7
1999-05-10,300.0
1999-05-11,310.9
1999-05-12,310.0
1999-05-13,289.3
1999-05-14,313.9
1999-05-15,358.5
1999-05-16,330.8
1999-05-17,357.6
1999-05-18,349.9
1999-05-19,331.3
1999-05-20,312.1
1999-05-21,343.6
1999-05-22,353.5
1999-05-23,339.7
1999-05-24,343.2
1999-05-25,338.4
1999-05-26,356.1
1999-05-27,341.3
1999-05-28,351.0
1999-05-29,330.2
1999-05-30,341.4
1999-05-31,378.3
1999-06-01,395.1
1999-06-02,397.1
1999-06-03,383.8
1999-06-04,350.1
1999-06-05,378.0
1999-06-06,390.8
1999-06-07,377.2
1999-06-08,373.4
1999-06-09,382.4
1999-06-10,373.7
1999-06-11,370.7
1999-06-12,380.7
1999-06-13,357.3
1999-06-14,394.9
1999-06-15,382.0
1999-06-16,369.7
1999-06-17,376.4
1999-06-18,361.1
1999-06-19,370.9
1999-06-20,378.7
1999-06-21,354.8
1999-06-22,348.5
1999-06-23,373.7
1999-06-24,393.9
1999-06-25,379.9
1999-06-26,366.4
1999-06-27,411.0
1999-06-28,411.5
1999-06-29,383.8
1999-06-30,383.7
1999-07-01,399.9
1999-07-02,397.5
1999-07-03,407.1
1999-07-04,423.7
1999-07-05,402.5
1999-07-06,401.6
1999-07-07,383.9
1999-07-08,383.8
1999-07-09,392.5
1999-07-10,394.4
1999-07-11,358.3
1999-07-12,355.6
1999-07-13,353.1
1999-07-14,375.8
1999-07-15,390.9
1999-07-16,387.3
1999-07-17,411.8
1999-07-18,405.0
1999-07-19,412.3
1999-07-20,380.5
1999-07-21,401.7
1999-07-22,395.9
1999-07-23,402.2
1999-07-24,391.5
1999-07-25,384.6
1999-07-26,396.4
1999-07-27,372.2
1999-07-28,386.7
1999-07-29,400.3
1999-07-30,393.7
1999-07-31,414.5
1999-08-01,368.5
1999-08-02,361.8
1999-08-03,380.9
1999-08-04,391.9
1999-08-05,375.8
1999-08-06,368.0
1999-08-07,360.6
1999-08-08,386.8
1999-08-09,364.6
1999-08-10,390.9
1999-08-11,384.6
1999-08-12,388.1
1999-08-13,408.7
1999-08-14,376.3
1999-08-15,342.0
1999-08-16,387.2
1999-08-17,391.9
1999-08-18,381.0
1999-08-19,389.7
1999-08-20,393.8
1999-08-21,376.6
1999-08-22,352.2
1999-08-23,356.4
1999-08-24,400.7
1999-08-25,399.0
1999-08-26,409.1
1999-08-27,381.8
1999-08-28,378.2
1999-08-29,367.7
1999-08-30,348.7
1999-08-31,355.7
1999-09-01,360.6
1999-09-02,346.4
1999-09-03,335.5
1999-09-04,370.1
1999-09-05,390.7
1999-09-06,411.9
1999-09-07,399.8
1999-09-08,370.5
1999-09-09,384.5
1999-09-10,353.5
1999-09-11,353.5
1999-09-12,346.3
1999-09-13,383.3
1999-09-14,353.0
1999-09-15,361.7
1999-09-16,356.4
1999-09-17,319.3
1999-09-18,321.6
1999-09-19,330.7
1999-09-20,356.5
1999-09-21,318.5
1999-09-22,316.6
1999-09-23,334.2
1999-09-24,362.0
1999-09-25,335.6
1999-09-26,334.7
1999-09-27,358.2
1999-09-28,356.9
1999-09-29,357.3
1999-09-30,333.4
1999-10-01,321.4
1999-10-02,341.6
1999-10-03,316.0
1999-10-04,339.8
1999-10-05,336.9
1999-10-06,328.0
1999-10-07,309.5
1999-10-08,339.8
1999-10-09,328.6
1999-10-10,359.6
1999-10-11,300.3
1999-10-12,342.2
1999-10-13,345.4
1999-10-14,311.0
1999-10-15,319.2
1999-10-16,319.1
1999-10-17,343.1
1999-10-18,332.0
1999-10-19,333.5
1999-10-20,339.1
1999-10-21,315.9
1999-10-22,324.5
1999-10-23,328.2
1999-10-24,323.9
1999-10-25,299.5
1999-10-26,305.3
1999-10-27,327.2
1999-10-28,296.2
1999-10-29,296.6
1999-10-30,320.1
1999-10-31,313.0
1999-11-01,302.2
1999-11-02,307.7
1999-11-03,301.5
1999-11-04,295.7
1999-11-05,302.0
1999-11-06,286.5
1999-11-07,295.1
1999-11-08,293.4
1999-11-09,303.5
1999-11-10,325.4
1999-11-11,293.0
1999-11-12,309.4
1999-11-13,311.9
1999-11-14,307.5
1999-11-15,303.1
1999-11-16,292.0
1999-11-17,295.8
1999-11-18,311.2
1999-11-19,290.9
1999-11-20,319.0
1999-11-21,335.9
1999-11-22,321.3
1999-11-23,292.1
1999-11-24,322.1
1999-11-25,306.0
1999-11-26,275.3
1999-11-27,300.8
1999-11-28,285.9
1999-11-29,271.2
1999-11-30,242.6
1999-12-01,254.1
1999-12-02,288.3
1999-12-03,307.2
1999-12-04,306.0
1999-12-05,315.4
1999-12-06,288.2
1999-12-07,289.1
1999-12-08,250.3
1999-12-09,270.6
1999-12-10,295.4
1999-12-11,258.9
1999-12-12,280.7
1999-12-13,271.8
1999-12-14,282.2
1999-12-15,298.5
1999-12-16,269.5
1999-12-17,232.3
1999-12-18,235.7
1999-12-19,245.0
1999-12-20,273.3
1999-12-21,239.3
1999-12-22,226.9
1999-12-23,235.5
1999-12-24,228.2
1999-12-25,242.0
1999-12-26,255.6
1999-12-27,248.8
1999-12-28,257.6
1999-12-29,256.8
1999-12-30,251.2
1999-12-31,257.8
2000-01-01,264.5
2000-01-02,303.6
2000-01-03,260.4
2000-01-04,278.4
2000-01-05,260.3
2000-01-06,260.0
2000-01-07,258.6
2000-01-08,253.1
2000-01-09,269.9
2000-01-10,275.4
2000-01-11,274.3
2000-01-12,253.0
2000-01-13,258.0
2000-01-14,251.1
2000-01-15,262.8
2000-01-16,234.8
2000-01-17,220.9
2000-01-18,239.0
2000-01-19,240.3
2000-01-20,246.7
2000-01-21,232.9
2000-01-22,233.1
2000-01-23,249.4
2000-01-24,227.1
2000-01-25,238.8
2000-01-26,237.1
2000-01-27,236.2
2000-01-28,222.0
2000-01-29,226.1
2000-01-30,257.5
2000-01-31,258.6
2000-02-01,237.2
2000-02-02,227.3
2000-02-03,254.7
2000-02-04,245.8
2000-02-05,236.5
2000-02-06,236.8
2000-02-07,230.6
2000-02-08,227.2
2000-02-09,263.1
2000-02-10,262.4
2000-02-11,241.5
2000-02-12,232.2
2000-02-13,248.1
2000-02-14,252.1
2000-02-15,233.0
2000-02-16,254.1
2000-02-17,235.8
2000-02-18,249.1
2000-02-19,240.7
2000-02-20,261.5
2000-02-21,259.0
2000-02-22,265.4
2000-02-23,292.7
2000-02-24,294.5
2000-02-25,293.6
2000-02-26,297.4
2000-02-27,302.3
2000-02-28,277.4
2000-03-01,307.2
2000-03-02,301.0
2000-03-03,287.4
2000-03-04,292.8
2000-03-05,302.7
2000-03-06,285.0
2000-03-07,304.1
2000-03-08,301.8
2000-03-09,325.7
2000-03-10,303.0
2000-03-11,292.0
2000-03-12,294.9
2000-03-13,303.8
2000-03-14,312.3
2000-03-15,314.3
2000-03-16,285.0
2000-03-17,270.4
2000-03-18,256.7
2000-03-19,271.8
2000-03-20,307.1
2000-03-21,308.5
2000-03-22,314.3
2000-03-23,298.4
2000-03-24,275.8
2000-03-25,311.6
2000-03-26,297.2
2000-03-27,312.1
2000-03-28,293.9
2000-03-29,312.6
2000-03-30,297.0
2000-03-31,269.0
2000-04-01,313.2
2000-04-02,320.5
2000-04-03,311.8
2000-04-04,307.6
2000-04-05,308.4
2000-04-06,321.5
2000-04-07,292.6
2000-04-08,301.3
2000-04-09,296.0
2000-04-10,311.2
2000-04-11,307.2
2000-04-12,304.9
2000-04-13,284.5
2000-04-14,300.8
2000-04-15,308.8
2000-04-16,328.6
2000-04-17,319.8
2000-04-18,334.4
2000-04-19,333.9
2000-04-20,315.8
2000-04-21,335.0
2000-04-22,332.5
2000-04-23,277.3
2000-04-24,270.3
2000-04-25,260.4
2000-04-26,283.1
2000-04-27,311.0
2000-04-28,273.2
2000-04-29,290.4
2000-04-30,288.1
2000-05-01,333.7
2000-05-02,325.6
2000-05-03,316.8
2000-05-04,353.3
2000-05-05,366.7
2000-05-06,348.0
2000-05-07,370.6
2000-05-08,375.5
2000-05-09,372.8
2000-05-10,359.4
2000-05-11,334.9
2000-05-12,338.8
2000-05-13,348.6
2000-05-14,346.1
2000-05-15,307.4
2000-05-16,324.1
2000-05-17,325.3
2000-05-18,336.4
2000-05-19,325.0
2000-05-20,327.5
2000-05-21,332.2
2000-05-22,346.1
2000-05-23,350.9
2000-05-24,335.5
2000-05-25,338.7
2000-05-26,318.2
2000-05-27,320.0
2000-05-28,343.3
2000-05-29,302.6
2000-05-30,338.6
2000-05-31,366.4
2000-06-01,369.0
2000-06-02,377.9
2000-06-03,327.3
2000-06-04,354.0
2000-06-05,341.4
2000-06-06,370.4
2000-06-07,375.5
2000-06-08,387.5
2000-06-09,360.8
2000-06-10,355.5
2000-06-11,388.7
2000-06-12,369.9
2000-06-13,373.6
2000-06-14,378.5
2000-06-15,393.9
2000-06-16,370.5
2000-06-17,371.0
2000-06-18,336.8
2000-06-19,344.6
2000-06-20,353.8
2000-06-21,383.2
2000-06-22,364.0
2000-06-23,347.7
2000-06-24,369.0
2000-06-25,379.5
2000-06-26,365.4
2000-06-27,350.5
2000-06-28,354.3
2000-06-29,378.8
2000-06-30,341.7
2000-07-01,352.5
2000-07-02,386.5
2000-07-03,384.6
2000-07-04,370.7
2000-07-05,345.6
2000-07-06,371.9
2000-07-07,348.1
2000-07-08,363.1
2000-07-09,394.7
2000-07-10,359.9
2000-07-11,341.2
2000-07-12,358.9
2000-07-13,372.8
2000-07-14,391.0
2000-07-15,394.4
2000-07-16,390.9
2000-07-17,382.7
2000-07-18,372.3
2000-07-19,367.5
2000-07-20,366.9
2000-07-21,381.9
2000-07-22,363.7
2000-07-23,364.3
2000-07-24,364.1
2000-07-25,362.5
2000-07-26,369.9
2000-07-27,388.2
2000-07-28,400.5
2000-07-29,405.8
2000-07-30,400.5
2000-07-31,415.5
2000-08-01,408.4
2000-08-02,402.2
2000-08-03,380.4
2000-08-04,360.3
2000-08-05,357.6
2000-08-06,405.9
2000-08-07,396.8
2000-08-08,393.7
2000-08-09,393.1
2000-08-10,376.2
2000-08-11,381.4
2000-08-12,367.2
2000-08-13,368.6
2000-08-14,386.6
2000-08-15,389.2
2000-08-16,365.1
2000-08-17,365.2
2000-08-18,380.3
2000-08-19,349.7
2000-08-20,335.4
2000-08-21,354.5
2000-08-22,368.2
2000-08-23,382.5
2000-08-24,339.8
2000-08-25,346.5
2000-08-26,389.0
2000-08-27,386.4
2000-08-28,360.1
2000-08-29,384.1
2000-08-30,402.2
2000-08-31,364.8
2000-09-01,381.1
2000-09-02,406.8
2000-09-03,390.1
2000-09-04,384.8
2000-09-05,355.6
2000-09-06,348.2
2000-09-07,352.9
2000-09-08,383.7
2000-09-09,378.5
2000-09-10,392.9
2000-09-11,392.5
2000-09-12,386.9
2000-09-13,352.3
2000-09-14,370.2
2000-09-15,374.4
2000-09-16,364.5
2000-09-17,367.1
2000-09-18,358.8
2000-09-19,341.9
2000-09-20,364.4
2000-09-21,366.2
2000-09-22,343.0
2000-09-23,374.1
2000-09-24,357.8
2000-09-25,331.9
2000-09-26,332.8
2000-09-27,344.4
2000-09-28,326.0
2000-09-29,325.0
2000-09-30,341.2
2000-10-01,347.0
2000-10-02,353.9
2000-10-03,332.5
2000-10-04,355.3
2000-10-05,334.6
2000-10-06,351.3
2000-10-07,335.8
2000-10-08,331.7
2000-10-09,325.3
2000-10-10,318.6
2000-10-11,310.6
2000-10-12,319.6
2000-10-13,345.2
2000-10-14,342.9
2000-10-15,357.0
2000-10-16,343.5
2000-10-17,349.4
2000-10-18,332.6
2000-10-19,286.1
2000-10-20,302.1
2000-10-21,315.6
2000-10-22,315.3
2000-10-23,328.5
2000-10-24,347.2
2000-10-25,325.1
2000-10-26,319.5
2000-10-27,344.3
2000-10-28,313.7
2000-10-29,306.1
2000-10-30,317.3
2000-10-31,316.2
2000-11-01,312.2
2000-11-02,321.5
2000-11-03,341.9
2000-11-04,342.4
2000-11-05,312.9
2000-11-06,304.5
2000-11-07,326.7
2000-11-08,341.4
2000-11-09,341.2
2000-11-10,333.1
2000-11-11,293.8
2000-11-12,314.3
2000-11-13,319.9
2000-11-14,319.5
2000-11-15,314.5
2000-11-16,304.7
2000-11-17,303.4
2000-11-18,300.4
2000-11-19,284.7
2000-11-20,287.2
2000-11-21,256.1
2000-11-22,250.4
2000-11-23,252.1
2000-11-24,263.3
2000-11-25,270.6
2000-11-26,288.6
2000-11-27,284.9
2000-11-28,272.5
2000-11-29,253.8
2000-11-30,257.5
2000-12-01,245.2
2000-12-02,223.9
2000-12-03,231.8
2000-12-04,244.2
2000-12-05,264.6
2000-12-06,249.5
2000-12-07,245.5
2000-12-08,251.7
2000-12-09,234.6
2000-12-10,265.9
2000-12-11,251.3
2000-12-12,255.8
2000-12-13,240.1
2000-12-14,246.2
2000-12-15,250.6
2000-12-16,268.0
2000-12-17,274.9
2000-12-18,230.9
2000-12-19,244.3
2000-12-20,220.5
2000-12-21,248.9
2000-12-22,222.9
2000-12-23,242.4
2000-12-24,232.6
2000-12-25,217.3
2000-12-26,230.8
2000-12-27,233.6
2000-12-28,223.8
2000-12-29,225.1
2000-12-30,247.0
2000-12-31,238.2
2001-01-01,228.06
2001-01-02,239.43
2001-01-03,244.87
2001-01-04,259.2
2001-01-05,274.94
2001-01-06,256.8
2001-01-07,280.77
2001-01-08,237.03
2001-01-09,249.52
2001-01-10,255.7
2001-01-11,253.05
2001-01-12,248.88
2001-01-13,277.39
2001-01-14,275.61
2001-01-15,292.78
2001-01-16,285.93
2001-01-17,263.9
2001-01-18,266.36
2001-01-19,255.1
2001-01-20,221.48
2001-01-21,241.45
2001-01-22,270.81
2001-01-23,271.16
2001-01-24,274.47
2001-01-25,233.44
2001-01-26,249.56
2001-01-27,259.88
2001-01-28,253.73
2001-01-29,273.48
2001-01-30,297.3
2001-01-31,296.33
2001-02-01,267.66
2001-02-02,247.21
2001-02-03,243.06
2001-02-04,282.55
2001-02-05,296.15
2001-02-06,293.12
2001-02-07,256.77
2001-02-08,290.06
2001-02-09,314.08
2001-02-10,251.23
2001-02-11,220.99
2001-02-12,248.07
2001-02-13,277.95
2001-02-14,300.96
2001-02-15,257.95
2001-02-16,275.98
2001-02-17,242.38
2001-02-18,237.72
2001-02-19,280.35
2001-02-20,278.69
2001-02-21,235.3
2001-02-22,254.8
2001-02-23,264.28
2001-02-24,263.69
2001-02-25,305.33
2001-02-26,279.96
2001-02-27,272.65
2001-02-28,247.93
2001-03-01,274.95
2001-03-02,293.91
2001-03-03,283.38
2001-03-04,274.62
2001-03-05,291.77
2001-03-06,267.38
2001-03-07,279.32
2001-03-08,289.63
2001-03-09,277.41
2001-03-10,273.23
2001-03-11,282.25
2001-03-12,271.05
2001-03-13,311.98
2001-03-14,298.29
2001-03-15,292.94
2001-03-16,282.36
2001-03-17,287.12
2001-03-18,247.44
2001-03-19,255.26
2001-03-20,269.45
2001-03-21,287.77
2001-03-22,259.88
2001-03-23,245.55
2001-03-24,288.02
2001-03-25,273.31
2001-03-26,264.26
2001-03-27,297.54
2001-03-28,291.75
2001-03-29,288.14
2001-03-30,301.77
2001-03-31,308.2
2001-04-01,317.04
2001-04-02,312.84
2001-04-03,283.73
2001-04-04,258.87
2001-04-05,299.08
2001-04-06,343.35
2001-04-07,340.23
2001-04-08,321.91
2001-04-09,309.7
2001-04-10,305.06
2001-04-11,334.8
2001-04-12,346.4
2001-04-13,302.26
2001-04-14,308.67
2001-04-15,306.89
2001-04-16,303.48
2001-04-17,285.22
2001-04-18,280.2
2001-04-19,265.99
2001-04-20,330.95
2001-04-21,361.37
2001-04-22,338.23
2001-04-23,350.13
2001-04-24,334.71
2001-04-25,276.91
2001-04-26,310.45
2001-04-27,295.95
2001-04-28,274.29
2001-04-29,287.72
2001-04-30,320.39
2001-05-01,334.2
2001-05-02,354.02
2001-05-03,361.61
2001-05-04,360.69
2001-05-05,314.8
2001-05-06,305.98
2001-05-07,339.94
2001-05-08,365.77
2001-05-09,340.54
2001-05-10,362.56
2001-05-11,381.3
2001-05-12,335.55
2001-05-13,309.23
2001-05-14,322.88
2001-05-15,313.38
2001-05-16,326.43
2001-05-17,376.15
2001-05-18,369.77
2001-05-19,341.4
2001-05-20,356.14
2001-05-21,373.69
2001-05-22,373.82
2001-05-23,331.17
2001-05-24,362.62
2001-05-25,366.98
2001-05-26,359.55
2001-05-27,364.14
2001-05-28,360.02
2001-05-29,340.82
2001-05-30,296.18
2001-05-31,308.64
2001-06-01,357.16
2001-06-02,356.02
2001-06-03,354.39
2001-06-04,362.77
2001-06-05,350.85
2001-06-06,337.77
2001-06-07,338.84
2001-06-08,334.31
2001-06-09,339.26
2001-06-10,360.37
2001-06-11,395.02
2001-06-12,385.05
2001-06-13,380.12
2001-06-14,389.05
2001-06-15,397.12
2001-06-16,393.73
2001-06-17,364.38
2001-06-18,391.58
2001-06-19,395.16
2001-06-20,390.11
2001-06-21,386.22
2001-06-22,388.92
2001-06-23,369.67
2001-06-24,360.11
2001-06-25,352.62
2001-06-26,363.95
2001-06-27,380.18
2001-06-28,397.88
2001-06-29,404.1
2001-06-30,410.38
2001-07-01,372.09
2001-07-02,333.95
2001-07-03,379.68
2001-07-04,389.66
2001-07-05,348.62
2001-07-06,334.22
2001-07-07,392.27
2001-07-08,376.47
2001-07-09,372.88
2001-07-10,369.42
2001-07-11,357.43
2001-07-12,362.69
2001-07-13,367.01
2001-07-14,361.34
2001-07-15,360.93
2001-07-16,399.93
2001-07-17,397.23
2001-07-18,382.81
2001-07-19,398.62
2001-07-20,396.99
2001-07-21,412.37
2001-07-22,407.55
2001-07-23,416.38
2001-07-24,410.85
2001-07-25,392.58
2001-07-26,344.56
2001-07-27,349.02
2001-07-28,370.05
2001-07-29,392.1
2001-07-30,384.14
2001-07-31,370.2
2001-08-01,382.88
2001-08-02,420.13
2001-08-03,406.03
2001-08-04,388.65
2001-08-05,373.55
2001-08-06,396.1
2001-08-07,417.66
2001-08-08,403.81
2001-08-09,423.16
2001-08-10,380.3
2001-08-11,364.0
2001-08-12,396.3
2001-08-13,391.54
2001-08-14,354.69
2001-08-15,355.17
2001-08-16,399.45
2001-08-17,391.52
2001-08-18,392.55
2001-08-19,396.98
2001-08-20,391.2
2001-08-21,367.14
2001-08-22,373.31
2001-08-23,400.21
2001-08-24,357.62
2001-08-25,361.51
2001-08-26,406.58
2001-08-27,362.18
2001-08-28,365.2
2001-08-29,348.2
2001-08-30,359.93
2001-08-31,389.86
2001-09-01,330.66
2001-09-02,332.3
2001-09-03,347.23
2001-09-04,363.13
2001-09-05,320.45
2001-09-06,341.94
2001-09-07,381.63
2001-09-08,397.55
2001-09-09,397.8
2001-09-10,366.45
2001-09-11,345.52
2001-09-12,347.3
2001-09-13,358.6
2001-09-14,318.1
2001-09-15,323.28
2001-09-16,315.44
2001-09-17,343.01
2001-09-18,360.34
2001-09-19,375.52
2001-09-20,380.16
2001-09-21,375.14
2001-09-22,355.14
2001-09-23,353.66
2001-09-24,355.79
2001-09-25,337.48
2001-09-26,325.18
2001-09-27,340.71
2001-09-28,328.34
2001-09-29,294.32
2001-09-30,300.23
2001-10-01,321.06
2001-10-02,314.29
2001-10-03,329.88
2001-10-04,356.6
2001-10-05,341.09
2001-10-06,311.37
2001-10-07,291.38
2001-10-08,263.78
2001-10-09,324.2
2001-10-10,329.18
2001-10-11,360.44
2001-10-12,362.25
2001-10-13,365.2
2001-10-14,369.59
2001-10-15,321.88
2001-10-16,336.7
2001-10-17,313.76
2001-10-18,282.73
2001-10-19,319.04
2001-10-20,310.85
2001-10-21,330.99
2001-10-22,298.0
2001-10-23,352.69
2001-10-24,357.46
2001-10-25,327.88
2001-10-26,303.02
2001-10-27,309.1
2001-10-28,294.8
2001-10-29,301.42
2001-10-30,264.59
2001-10-31,318.39
2001-11-01,324.67
2001-11-02,343.18
2001-11-03,297.98
2001-11-04,283.67
2001-11-05,283.91
2001-11-06,273.69
2001-11-07,321.39
2001-11-08,324.98
2001-11-09,292.01
2001-11-10,307.4
2001-11-11,293.27
2001-11-12,290.41
2001-11-13,277.76
2001-11-14,333.07
2001-11-15,347.48
2001-11-16,293.61
2001-11-17,275.49
2001-11-18,311.98
2001-11-19,315.63
2001-11-20,276.97
2001-11-21,277.77
2001-11-22,268.61
2001-11-23,273.93
2001-11-24,304.29
2001-11-25,346.48
2001-11-26,317.81
2001-11-27,304.89
2001-11-28,308.76
2001-11-29,305.84
2001-11-30,324.19
2001-12-01,315.66
2001-12-02,271.81
2001-12-03,271.55
2001-12-04,324.36
2001-12-05,344.15
2001-12-06,292.35
2001-12-07,255.15
2001-12-08,278.14
2001-12-09,261.17
2001-12-10,257.56
2001-12-11,245.63
2001-12-12,291.39
2001-12-13,320.73
2001-12-14,294.62
2001-12-15,264.05
2001-12-16,274.66
2001-12-17,301.41
2001-12-18,300.0
2001-12-19,293.75
2001-12-20,283.32
2001-12-21,258.91
2001-12-22,261.49
2001-12-23,295.21
2001-12-24,275.68
2001-12-25,265.59
2001-12-26,271.23
2001-12-27,260.3
2001-12-28,265.54
2001-12-29,244.6
2001-12-30,247.85
2001-12-31,243.54
2002-01-01,229.19
2002-01-02,233.14
2002-01-03,263.95
2002-01-04,273.6
2002-01-05,272.82
2002-01-06,279.58
2002-01-07,242.27
2002-01-08,270.05
2002-01-09,282.53
2002-01-10,288.26
2002-01-11,288.2
2002-01-12,294.77
2002-01-13,260.92
2002-01-14,278.88
2002-01-15,293.07
2002-01-16,262.98
2002-01-17,282.07
2002-01-18,250.3
2002-01-19,252.27
2002-01-20,270.4
2002-01-21,290.82
2002-01-22,256.7
2002-01-23,308.95
2002-01-24,289.05
2002-01-25,261.14
2002-01-26,278.74
2002-01-27,256.23
2002-01-28,260.09
2002-01-29,279.45
2002-01-30,279.55
2002-01-31,285.65
2002-02-01,283.8
2002-02-02,251.18
2002-02-03,279.2
2002-02-04,246.38
2002-02-05,254.04
2002-02-06,258.71
2002-02-07,263.88
2002-02-08,271.38
2002-02-09,276.9
2002-02-10,297.63
2002-02-11,233.87
2002-02-12,282.34
2002-02-13,235.55
2002-02-14,244.95
2002-02-15,286.84
2002-02-16,291.91
2002-02-17,236.8
2002-02-18,238.98
2002-02-19,285.16
2002-02-20,309.83
2002-02-21,305.7
2002-02-22,259.73
2002-02-23,236.24
2002-02-24,281.03
2002-02-25,280.7
2002-02-26,299.88
2002-02-27,265.83
2002-02-28,261.47
2002-03-01,272.74
2002-03-02,284.96
2002-03-03,290.88
2002-03-04,238.8
2002-03-05,255.58
2002-03-06,293.38
2002-03-07,283.37
2002-03-08,303.41
2002-03-09,314.07
2002-03-10,256.59
2002-03-11,253.88
2002-03-12,275.64
2002-03-13,292.16
2002-03-14,280.5
2002-03-15,310.59
2002-03-16,244.59
2002-03-17,275.16
2002-03-18,306.81
2002-03-19,270.2
2002-03-20,305.74
2002-03-21,288.52
2002-03-22,261.18
2002-03-23,276.59
2002-03-24,257.33
2002-03-25,259.87
2002-03-26,293.02
2002-03-27,260.05
2002-03-28,246.99
2002-03-29,312.04
2002-03-30,286.36
2002-03-31,280.09
2002-04-01,302.64
2002-04-02,310.77
2002-04-03,304.67
2002-04-04,296.69
2002-04-05,291.85
2002-04-06,256.66
2002-04-07,288.42
2002-04-08,320.2
2002-04-09,341.72
2002-04-10,269.97
2002-04-11,303.34
2002-04-12,344.15
2002-04-13,349.19
2002-04-14,351.44
2002-04-15,377.75
2002-04-16,360.41
2002-04-17,366.19
2002-04-18,352.16
2002-04-19,348.03
2002-04-20,308.85
2002-04-21,301.94
2002-04-22,307.35
2002-04-23,270.75
2002-04-24,277.7
2002-04-25,318.77
2002-04-26,307.19
2002-04-27,288.79
2002-04-28,332.62
2002-04-29,314.25
2002-04-30,306.7
2002-05-01,309.75
2002-05-02,335.13
2002-05-03,293.3
2002-05-04,269.53
2002-05-05,316.23
2002-05-06,355.27
2002-05-07,339.57
2002-05-08,322.67
2002-05-09,353.29
2002-05-10,286.47
2002-05-11,306.39
2002-05-12,333.48
2002-05-13,331.56
2002-05-14,315.27
2002-05-15,282.45
2002-05-16,357.95
2002-05-17,320.86
2002-05-18,321.89
2002-05-19,309.49
2002-05-20,319.19
2002-05-21,313.62
2002-05-22,284.83
2002-05-23,313.82
2002-05-24,339.82
2002-05-25,325.36
2002-05-26,325.75
2002-05-27,335.27
2002-05-28,336.38
2002-05-29,378.79
2002-05-30,391.21
2002-05-31,370.67
2002-06-01,358.07
2002-06-02,326.45
2002-06-03,335.05
2002-06-04,374.82
2002-06-05,391.8
2002-06-06,341.87
2002-06-07,328.73
2002-06-08,368.59
2002-06-09,383.57
2002-06-10,377.64
2002-06-11,402.4
2002-06-12,409.05
2002-06-13,371.11
2002-06-14,393.5
2002-06-15,375.34
2002-06-16,368.54
2002-06-17,345.08
2002-06-18,327.21
2002-06-19,328.88
2002-06-20,349.76
2002-06-21,401.36
2002-06-22,408.93
2002-06-23,405.91
2002-06-24,409.77
2002-06-25,402.32
2002-06-26,409.13
2002-06-27,400.24
2002-06-28,372.77
2002-06-29,383.23
2002-06-30,384.37
2002-07-01,410.66
2002-07-02,401.1
2002-07-03,406.84
2002-07-04,389.47
2002-07-05,341.79
2002-07-06,353.56
2002-07-07,362.21
2002-07-08,389.91
2002-07-09,404.34
2002-07-10,329.02
2002-07-11,325.05
2002-07-12,328.65
2002-07-13,339.1
2002-07-14,357.81
2002-07-15,380.36
2002-07-16,379.22
2002-07-17,398.97
2002-07-18,414.82
2002-07-19,394.98
2002-07-20,364.57
2002-07-21,400.39
2002-07-22,429.23
2002-07-23,371.96
2002-07-24,358.95
2002-07-25,375.43
2002-07-26,402.79
2002-07-27,400.88
2002-07-28,413.79
2002-07-29,413.27
2002-07-30,382.52
2002-07-31,390.52
2002-08-01,405.02
2002-08-02,389.35
2002-08-03,363.07
2002-08-04,404.79
2002-08-05,374.15
2002-08-06,334.88
2002-08-07,327.28
2002-08-08,331.87
2002-08-09,341.74
2002-08-10,350.27
2002-08-11,384.08
2002-08-12,394.91
2002-08-13,403.46
2002-08-14,419.02
2002-08-15,410.76
2002-08-16,407.9
2002-08-17,401.95
2002-08-18,356.05
2002-08-19,372.74
2002-08-20,350.6
2002-08-21,350.0
2002-08-22,404.87
2002-08-23,373.51
2002-08-24,397.35
2002-08-25,359.88
2002-08-26,366.78
2002-08-27,341.5
2002-08-28,347.72
2002-08-29,382.9
2002-08-30,344.74
2002-08-31,367.41
2002-09-01,359.44
2002-09-02,389.73
2002-09-03,390.54
2002-09-04,355.45
2002-09-05,348.66
2002-09-06,362.58
2002-09-07,362.91
2002-09-08,372.89
2002-09-09,377.84
2002-09-10,392.41
2002-09-11,341.54
2002-09-12,338.74
2002-09-13,354.05
2002-09-14,391.41
2002-09-15,390.91
2002-09-16,358.61
2002-09-17,338.62
2002-09-18,365.05
2002-09-19,388.44
2002-09-20,404.99
2002-09-21,379.48
2002-09-22,357.49
2002-09-23,322.88
2002-09-24,314.89
2002-09-25,329.48
2002-09-26,339.02
2002-09-27,363.77
2002-09-28,311.91
2002-09-29,359.54
2002-09-30,359.96
2002-10-01,370.83
2002-10-02,399.84
2002-10-03,363.16
2002-10-04,387.25
2002-10-05,333.93
2002-10-06,323.94
2002-10-07,315.63
2002-10-08,308.4
2002-10-09,324.9
2002-10-10,315.57
2002-10-11,361.26
2002-10-12,374.58
2002-10-13,327.85
2002-10-14,275.45
2002-10-15,296.54
2002-10-16,330.85
2002-10-17,300.3
2002-10-18,316.5
2002-10-19,325.71
2002-10-20,301.13
2002-10-21,297.69
2002-10-22,325.6
2002-10-23,300.24
2002-10-24,288.62
2002-10-25,301.27
2002-10-26,329.51
2002-10-27,312.34
2002-10-28,299.16
2002-10-29,295.3
2002-10-30,279.11
2002-10-31,298.45
2002-11-01,292.16
2002-11-02,297.97
2002-11-03,299.95
2002-11-04,309.12
2002-11-05,297.69
2002-11-06,300.9
2002-11-07,250.07
2002-11-08,278.62
2002-11-09,325.67
2002-11-10,352.75
2002-11-11,337.37
2002-11-12,317.72
2002-11-13,307.49
2002-11-14,313.37
2002-11-15,295.34
2002-11-16,289.63
2002-11-17,300.79
2002-11-18,290.38
2002-11-19,302.13
2002-11-20,284.65
2002-11-21,313.52
2002-11-22,297.93
2002-11-23,287.41
2002-11-24,298.5
2002-11-25,288.66
2002-11-26,261.58
2002-11-27,256.52
2002-11-28,281.15
2002-11-29,286.13
2002-11-30,274.26
2002-12-01,252.64
2002-12-02,262.52
2002-12-03,228.25
2002-12-04,252.3
2002-12-05,262.15
2002-12-06,267.01
2002-12-07,285.66
2002-12-08,255.43
2002-12-09,232.59
2002-12-10,241.84
2002-12-11,263.64
2002-12-12,265.73
2002-12-13,276.45
2002-12-14,285.2
2002-12-15,294.98
2002-12-16,255.65
2002-12-17,263.84
2002-12-18,271.7
2002-12-19,302.01
2002-12-20,301.48
2002-12-21,293.75
2002-12-22,281.64
2002-12-23,285.52
2002-12-24,267.66
2002-12-25,269.12
2002-12-26,278.84
2002-12-27,280.71
2002-12-28,285.31
2002-12-29,273.8
2002-12-30,282.95
2002-12-31,297.59
2003-01-01,257.18
2003-01-02,258.91
2003-01-03,288.22
2003-01-04,287.95
2003-01-05,271.51
2003-01-06,264.09
2003-01-07,266.97
2003-01-08,291.62
2003-01-09,294.76
2003-01-10,241.52
2003-01-11,251.8
2003-01-12,250.16
2003-01-13,246.27
2003-01-14,232.51
2003-01-15,231.77
2003-01-16,231.52
2003-01-17,220.81
2003-01-18,230.33
2003-01-19,232.1
2003-01-20,210.96
2003-01-21,220.78
2003-01-22,210.86
2003-01-23,225.77
2003-01-24,234.83
2003-01-25,248.74
2003-01-26,228.38
2003-01-27,214.91
2003-01-28,251.92
2003-01-29,237.16
2003-01-30,224.25
2003-01-31,257.91
2003-02-01,278.15
2003-02-02,268.8
2003-02-03,278.13
2003-02-04,270.36
2003-02-05,237.18
2003-02-06,256.17
2003-02-07,231.09
2003-02-08,233.3
2003-02-09,239.12
2003-02-10,242.62
2003-02-11,236.98
2003-02-12,229.55
2003-02-13,225.8
2003-02-14,227.92
2003-02-15,220.53
2003-02-16,227.22
2003-02-17,252.07
2003-02-18,267.41
2003-02-19,276.45
2003-02-20,246.11
2003-02-21,267.36
2003-02-22,276.59
2003-02-23,251.41
2003-02-24,240.85
2003-02-25,230.68
2003-02-26,223.26
2003-02-27,238.58
2003-02-28,240.37
2003-03-01,255.59
2003-03-02,267.25
2003-03-03,207.79
2003-03-04,279.95
2003-03-05,264.18
2003-03-06,244.48
2003-03-07,262.13
2003-03-08,287.31
2003-03-09,239.71
2003-03-10,237.12
2003-03-11,257.62
2003-03-12,281.99
2003-03-13,251.38
2003-03-14,278.83
2003-03-15,262.7
2003-03-16,274.02
2003-03-17,294.91
2003-03-18,274.45
2003-03-19,275.3
2003-03-20,327.49
2003-03-21,331.28
2003-03-22,305.82
2003-03-23,308.66
2003-03-24,285.79
2003-03-25,330.48
2003-03-26,287.77
2003-03-27,297.41
2003-03-28,331.38
2003-03-29,324.38
2003-03-30,268.74
2003-03-31,270.27
2003-04-01,306.45
2003-04-02,322.8
2003-04-03,314.81
2003-04-04,289.27
2003-04-05,285.14
2003-04-06,245.03
2003-04-07,288.24
2003-04-08,294.19
2003-04-09,255.92
2003-04-10,264.17
2003-04-11,276.12
2003-04-12,256.63
2003-04-13,250.05
2003-04-14,290.98
2003-04-15,325.99
2003-04-16,319.94
2003-04-17,301.66
2003-04-18,335.37
2003-04-19,337.16
2003-04-20,343.13
2003-04-21,360.66
2003-04-22,323.62
2003-04-23,280.47
2003-04-24,275.42
2003-04-25,288.68
2003-04-26,282.51
2003-04-27,283.36
2003-04-28,328.1
2003-04-29,295.38
2003-04-30,337.2
2003-05-01,361.29
2003-05-02,331.13
2003-05-03,287.18
2003-05-04,298.13
2003-05-05,339.43
2003-05-06,372.15
2003-05-07,353.45
2003-05-08,340.77
2003-05-09,327.84
2003-05-10,365.45
2003-05-11,362.31
2003-05-12,341.38
2003-05-13,338.57
2003-05-14,328.32
2003-05-15,340.65
2003-05-16,356.62
2003-05-17,358.89
2003-05-18,333.22
2003-05-19,323.52
2003-05-20,361.8
2003-05-21,289.38
2003-05-22,303.81
2003-05-23,349.23
2003-05-24,354.34
2003-05-25,346.76
2003-05-26,341.48
2003-05-27,347.8
2003-05-28,349.17
2003-05-29,347.01
2003-05-30,345.28
2003-05-31,344.52
2003-06-01,296.09
2003-06-02,329.55
2003-06-03,341.98
2003-06-04,367.08
2003-06-05,368.4
2003-06-06,333.42
2003-06-07,365.52
2003-06-08,386.16
2003-06-09,366.17
2003-06-10,368.55
2003-06-11,383.77
2003-06-12,379.12
2003-06-13,401.3
2003-06-14,370.77
2003-06-15,351.92
2003-06-16,341.39
2003-06-17,368.57
2003-06-18,381.56
2003-06-19,360.58
2003-06-20,335.1
2003-06-21,362.07
2003-06-22,344.52
2003-06-23,343.08
2003-06-24,366.85
2003-06-25,395.26
2003-06-26,389.53
2003-06-27,364.54
2003-06-28,373.67
2003-06-29,390.52
2003-06-30,359.98
2003-07-01,381.42
2003-07-02,391.31
2003-07-03,390.43
2003-07-04,412.14
2003-07-05,398.84
2003-07-06,373.07
2003-07-07,413.75
2003-07-08,394.51
2003-07-09,375.05
2003-07-10,394.12
2003-07-11,400.84
2003-07-12,375.06
2003-07-13,355.3
2003-07-14,363.25
2003-07-15,397.65
2003-07-16,391.09
2003-07-17,387.41
2003-07-18,360.99
2003-07-19,343.98
2003-07-20,381.5
2003-07-21,387.73
2003-07-22,386.66
2003-07-23,371.36
2003-07-24,376.48
2003-07-25,360.41
2003-07-26,400.56
2003-07-27,404.7
2003-07-28,356.79
2003-07-29,358.27
2003-07-30,358.69
2003-07-31,400.15
2003-08-01,403.66
2003-08-02,407.59
2003-08-03,400.11
2003-08-04,394.12
2003-08-05,396.75
2003-08-06,399.02
2003-08-07,389.16
2003-08-08,394.27
2003-08-09,397.07
2003-08-10,400.7
2003-08-11,396.75
2003-08-12,396.72
2003-08-13,391.08
2003-08-14,380.97
2003-08-15,395.84
2003-08-16,393.16
2003-08-17,357.7
2003-08-18,350.73
2003-08-19,352.89
2003-08-20,360.48
2003-08-21,388.36
2003-08-22,363.8
2003-08-23,327.28
2003-08-24,352.73
2003-08-25,390.07
2003-08-26,399.23
2003-08-27,347.6
2003-08-28,340.38
2003-08-29,392.48
2003-08-30,333.16
2003-08-31,341.64
2003-09-01,363.55
2003-09-02,363.46
2003-09-03,382.2
2003-09-04,365.9
2003-09-05,341.84
2003-09-06,324.29
2003-09-07,364.13
2003-09-08,354.08
2003-09-09,331.46
2003-09-10,354.86
2003-09-11,347.67
2003-09-12,355.94
2003-09-13,385.62
2003-09-14,406.73
2003-09-15,387.13
2003-09-16,333.43
2003-09-17,342.8
2003-09-18,351.36
2003-09-19,387.07
2003-09-20,322.89
2003-09-21,317.73
2003-09-22,369.94
2003-09-23,335.84
2003-09-24,344.61
2003-09-25,325.06
2003-09-26,338.32
2003-09-27,361.52
2003-09-28,337.48
2003-09-29,319.6
2003-09-30,310.36
2003-10-01,302.09
2003-10-02,287.02
2003-10-03,305.08
2003-10-04,306.17
2003-10-05,292.81
2003-10-06,278.26
2003-10-07,276.32
2003-10-08,315.42
2003-10-09,331.03
2003-10-10,345.4
2003-10-11,324.01
2003-10-12,317.61
2003-10-13,293.52
2003-10-14,335.62
2003-10-15,312.93
2003-10-16,311.45
2003-10-17,300.36
2003-10-18,320.74
2003-10-19,321.02
2003-10-20,315.71
2003-10-21,340.26
2003-10-22,310.59
2003-10-23,304.97
2003-10-24,287.69
2003-10-25,331.28
2003-10-26,323.54
2003-10-27,309.86
2003-10-28,310.81
2003-10-29,319.72
2003-10-30,304.67
2003-10-31,344.09
2003-11-01,336.9
2003-11-02,348.52
2003-11-03,347.48
2003-11-04,341.22
2003-11-05,344.42
2003-11-06,302.66
2003-11-07,257.06
2003-11-08,245.66
2003-11-09,237.09
2003-11-10,250.29
2003-11-11,321.02
2003-11-12,316.61
2003-11-13,293.55
2003-11-14,286.86
2003-11-15,292.55
2003-11-16,322.71
2003-11-17,326.42
2003-11-18,321.06
2003-11-19,327.54
2003-11-20,262.02
2003-11-21,266.3
2003-11-22,305.57
2003-11-23,322.5
2003-11-24,307.7
2003-11-25,264.71
2003-11-26,259.37
2003-11-27,299.45
2003-11-28,308.95
2003-11-29,260.34
2003-11-30,284.7
2003-12-01,257.47
2003-12-02,252.38
2003-12-03,235.63
2003-12-04,228.74
2003-12-05,267.84
2003-12-06,252.36
2003-12-07,222.33
2003-12-08,250.9
2003-12-09,302.25
2003-12-10,297.78
2003-12-11,294.69
2003-12-12,261.85
2003-12-13,229.24
2003-12-14,284.44
2003-12-15,285.4
2003-12-16,295.64
2003-12-17,288.49
2003-12-18,266.61
2003-12-19,260.17
2003-12-20,246.7
2003-12-21,252.84
2003-12-22,295.03
2003-12-23,301.77
2003-12-24,296.12
2003-12-25,266.29
2003-12-26,237.05
2003-12-27,226.93
2003-12-28,251.92
2003-12-29,301.85
2003-12-30,287.23
2003-12-31,251.92
2004-01-01,270.02
2004-01-02,295.56
2004-01-03,310.17
2004-01-04,275.8
2004-01-05,268.84
2004-01-06,240.54
2004-01-07,225.1
2004-01-08,235.74
2004-01-09,219.93
2004-01-10,213.85
2004-01-11,268.93
2004-01-12,285.08
2004-01-13,237.29
2004-01-14,234.61
2004-01-15,209.53
2004-01-16,203.72
2004-01-17,246.54
2004-01-18,220.2
2004-01-19,226.71
2004-01-20,215.11
2004-01-21,237.52
2004-01-22,226.94
2004-01-23,213.1
2004-01-24,209.89
2004-01-25,217.21
2004-01-26,246.74
2004-01-27,269.05
2004-01-28,247.88
2004-01-29,202.12
2004-01-30,231.0
2004-01-31,237.96
2004-02-01,232.39
2004-02-02,249.84
2004-02-03,287.84
2004-02-04,223.33
2004-02-05,241.16
2004-02-06,288.85
2004-02-07,236.57
2004-02-08,202.66
2004-02-09,271.41
2004-02-10,275.62
2004-02-11,252.52
2004-02-12,272.38
2004-02-13,244.42
2004-02-14,242.3
2004-02-15,203.65
2004-02-16,237.62
2004-02-17,246.69
2004-02-18,259.95
2004-02-19,253.95
2004-02-20,287.96
2004-02-21,292.64
2004-02-22,233.13
2004-02-23,252.56
2004-02-24,244.71
2004-02-25,246.09
2004-02-26,244.74
2004-02-27,243.7
2004-02-28,241.67
2004-03-01,292.75
2004-03-02,325.43
2004-03-03,310.51
2004-03-04,306.04
2004-03-05,334.58
2004-03-06,304.44
2004-03-07,305.3
2004-03-08,299.4
2004-03-09,273.88
2004-03-10,236.5
2004-03-11,288.37
2004-03-12,276.06
2004-03-13,238.87
2004-03-14,296.93
2004-03-15,285.41
2004-03-16,265.79
2004-03-17,267.37
2004-03-18,263.95
2004-03-19,247.23
2004-03-20,309.31
2004-03-21,255.82
2004-03-22,217.77
2004-03-23,286.46
2004-03-24,299.84
2004-03-25,339.38
2004-03-26,353.13
2004-03-27,341.46
2004-03-28,295.79
2004-03-29,315.57
2004-03-30,325.86
2004-03-31,330.77
2004-04-01,316.66
2004-04-02,318.85
2004-04-03,322.38
2004-04-04,277.76
2004-04-05,221.41
2004-04-06,288.77
2004-04-07,300.91
2004-04-08,306.11
2004-04-09,261.74
2004-04-10,281.77
2004-04-11,280.55
2004-04-12,283.53
2004-04-13,315.09
2004-04-14,267.5
2004-04-15,264.17
2004-04-16,309.79
2004-04-17,354.01
2004-04-18,356.3
2004-04-19,350.34
2004-04-20,310.89
2004-04-21,361.62
2004-04-22,320.05
2004-04-23,305.56
2004-04-24,293.11
2004-04-25,344.07
2004-04-26,326.22
2004-04-27,312.59
2004-04-28,301.98
2004-04-29,330.94
2004-04-30,358.7
2004-05-01,373.27
2004-05-02,334.54
2004-05-03,313.1
2004-05-04,287.21
2004-05-05,327.81
2004-05-06,333.84
2004-05-07,304.41
2004-05-08,332.8
2004-05-09,351.17
2004-05-10,373.16
2004-05-11,348.06
2004-05-12,372.73
2004-05-13,384.09
2004-05-14,399.66
2004-05-15,355.56
2004-05-16,317.75
2004-05-17,346.59
2004-05-18,377.33
2004-05-19,317.42
2004-05-20,385.52
2004-05-21,364.87
2004-05-22,394.88
2004-05-23,392.74
2004-05-24,383.51
2004-05-25,371.24
2004-05-26,368.52
2004-05-27,357.38
2004-05-28,331.62
2004-05-29,302.44
2004-05-30,313.73
2004-05-31,375.77
2004-06-01,356.57
2004-06-02,364.62
2004-06-03,323.06
2004-06-04,312.09
2004-06-05,348.38
2004-06-06,367.09
2004-06-07,378.84
2004-06-08,383.29
2004-06-09,406.11
2004-06-10,368.41
2004-06-11,327.7
2004-06-12,324.31
2004-06-13,396.81
2004-06-14,386.05
2004-06-15,372.88
2004-06-16,372.7
2004-06-17,408.12
2004-06-18,394.75
2004-06-19,337.16
2004-06-20,318.31
2004-06-21,358.2
2004-06-22,378.73
2004-06-23,336.96
2004-06-24,366.1
2004-06-25,336.53
2004-06-26,333.84
2004-06-27,341.95
2004-06-28,364.59
2004-06-29,353.35
2004-06-30,358.0
2004-07-01,375.55
2004-07-02,347.66
2004-07-03,346.85
2004-07-04,411.57
2004-07-05,401.43
2004-07-06,367.82
2004-07-07,402.72
2004-07-08,378.57
2004-07-09,382.33
2004-07-10,381.02
2004-07-11,378.43
2004-07-12,404.27
2004-07-13,413.62
2004-07-14,396.64
2004-07-15,385.55
2004-07-16,380.39
2004-07-17,377.87
2004-07-18,386.85
2004-07-19,390.85
2004-07-20,393.3
2004-07-21,392.51
2004-07-22,410.42
2004-07-23,360.11
2004-07-24,325.78
2004-07-25,361.27
2004-07-26,373.31
2004-07-27,394.62
2004-07-28,379.84
2004-07-29,362.82
2004-07-30,401.44
2004-07-31,405.89
2004-08-01,363.38
2004-08-02,382.08
2004-08-03,395.27
2004-08-04,379.59
2004-08-05,350.75
2004-08-06,358.34
2004-08-07,365.16
2004-08-08,352.89
2004-08-09,366.43
2004-08-10,393.22
2004-08-11,373.61
2004-08-12,362.35
2004-08-13,380.29
2004-08-14,364.13
2004-08-15,365.57
2004-08-16,349.52
2004-08-17,366.9
2004-08-18,397.9
2004-08-19,359.31
2004-08-20,355.55
2004-08-21,326.88
2004-08-22,326.36
2004-08-23,376.88
2004-08-24,356.67
2004-08-25,400.16
2004-08-26,407.32
2004-08-27,414.24
2004-08-28,409.29
2004-08-29,400.58
2004-08-30,385.75
2004-08-31,351.12
2004-09-01,348.41
2004-09-02,363.65
2004-09-03,372.4
2004-09-04,373.88
2004-09-05,388.5
2004-09-06,375.87
2004-09-07,390.08
2004-09-08,365.65
2004-09-09,360.0
2004-09-10,327.83
2004-09-11,337.9
2004-09-12,356.26
2004-09-13,360.38
2004-09-14,365.3
2004-09-15,357.87
2004-09-16,377.52
2004-09-17,336.45
2004-09-18,302.43
2004-09-19,297.0
2004-09-20,320.6
2004-09-21,336.27
2004-09-22,321.94
2004-09-23,325.38
2004-09-24,355.42
2004-09-25,373.55
2004-09-26,319.47
2004-09-27,329.45
2004-09-28,349.39
2004-09-29,308.05
2004-09-30,317.41
2004-10-01,319.02
2004-10-02,341.63
2004-10-03,290.39
2004-10-04,317.84
2004-10-05,284.41
2004-10-06,302.63
2004-10-07,318.01
2004-10-08,335.79
2004-10-09,341.79
2004-10-10,311.52
2004-10-11,309.4
2004-10-12,289.43
2004-10-13,316.85
2004-10-14,352.43
2004-10-15,337.2
2004-10-16,318.52
2004-10-17,307.59
2004-10-18,297.28
2004-10-19,333.94
2004-10-20,345.18
2004-10-21,342.31
2004-10-22,334.42
2004-10-23,298.95
2004-10-24,351.16
2004-10-25,351.45
2004-10-26,331.62
2004-10-27,341.91
2004-10-28,298.09
2004-10-29,342.41
2004-10-30,375.84
2004-10-31,342.29
2004-11-01,318.84
2004-11-02,340.56
2004-11-03,279.96
2004-11-04,314.29
2004-11-05,287.59
2004-11-06,297.56
2004-11-07,292.27
2004-11-08,269.47
2004-11-09,267.34
2004-11-10,306.07
2004-11-11,287.25
2004-11-12,241.7
2004-11-13,238.84
2004-11-14,239.48
2004-11-15,272.93
2004-11-16,291.77
2004-11-17,336.72
2004-11-18,333.23
2004-11-19,301.45
2004-11-20,339.66
2004-11-21,306.27
2004-11-22,263.55
2004-11-23,320.55
2004-11-24,305.16
2004-11-25,276.93
2004-11-26,282.33
2004-11-27,291.23
2004-11-28,296.37
2004-11-29,274.21
2004-11-30,275.27
2004-12-01,293.84
2004-12-02,279.52
2004-12-03,245.02
2004-12-04,273.62
2004-12-05,239.45
2004-12-06,286.47
2004-12-07,310.1
2004-12-08,290.77
2004-12-09,282.8
2004-12-10,305.62
2004-12-11,295.59
2004-12-12,292.6
2004-12-13,268.77
2004-12-14,238.27
2004-12-15,241.59
2004-12-16,261.52
2004-12-17,221.12
2004-12-18,283.85
2004-12-19,231.89
2004-12-20,210.96
2004-12-21,261.84
2004-12-22,266.98
2004-12-23,245.38
2004-12-24,204.26
2004-12-25,217.53
2004-12-26,248.28
2004-12-27,204.91
2004-12-28,259.4
2004-12-29,286.01
2004-12-30,282.51
2004-12-31,304.95
2005-01-01,271.41
2005-01-02,298.75
2005-01-03,279.42
2005-01-04,272.84
2005-01-05,257.27
2005-01-06,270.95
2005-01-07,244.08
2005-01-08,279.75
2005-01-09,279.47
2005-01-10,278.71
2005-01-11,270.83
2005-01-12,296.11
2005-01-13,314.15
2005-01-14,230.77
2005-01-15,198.06
2005-01-16,233.95
2005-01-17,217.97
2005-01-18,207.2
2005-01-19,255.84
2005-01-20,221.94
2005-01-21,211.82
2005-01-22,234.62
2005-01-23,201.1
2005-01-24,245.66
2005-01-25,256.66
2005-01-26,231.93
2005-01-27,204.59
2005-01-28,207.22
2005-01-29,244.83
2005-01-30,212.93
2005-01-31,214.57
2005-02-01,210.4
2005-02-02,227.16
2005-02-03,257.37
2005-02-04,227.64
2005-02-05,239.28
2005-02-06,281.12
2005-02-07,289.43
2005-02-08,299.61
2005-02-09,283.37
2005-02-10,243.64
2005-02-11,235.01
2005-02-12,259.99
2005-02-13,234.55
2005-02-14,300.73
2005-02-15,301.91
2005-02-16,267.25
2005-02-17,254.69
2005-02-18,219.12
2005-02-19,238.84
2005-02-20,250.64
2005-02-21,290.84
2005-02-22,275.09
2005-02-23,227.27
2005-02-24,236.81
2005-02-25,249.69
2005-02-26,222.01
2005-02-27,234.6
2005-02-28,271.4
2005-03-01,277.29
2005-03-02,250.45
2005-03-03,220.31
2005-03-04,242.24
2005-03-05,236.79
2005-03-06,281.96
2005-03-07,302.38
2005-03-08,216.62
2005-03-09,230.38
2005-03-10,241.34
2005-03-11,270.89
2005-03-12,272.23
2005-03-13,249.73
2005-03-14,244.66
2005-03-15,231.12
2005-03-16,248.2
2005-03-17,271.79
2005-03-18,262.71
2005-03-19,278.98
2005-03-20,302.62
2005-03-21,270.36
2005-03-22,241.81
2005-03-23,276.43
2005-03-24,298.78
2005-03-25,269.1
2005-03-26,247.27
2005-03-27,277.59
2005-03-28,308.0
2005-03-29,282.08
2005-03-30,290.24
2005-03-31,335.2
2005-04-01,303.34
2005-04-02,300.45
2005-04-03,303.67
2005-04-04,258.79
2005-04-05,295.84
2005-04-06,323.23
2005-04-07,325.97
2005-04-08,271.62
2005-04-09,275.3
2005-04-10,297.38
2005-04-11,271.62
2005-04-12,259.89
2005-04-13,270.27
2005-04-14,277.55
2005-04-15,270.18
2005-04-16,280.88
2005-04-17,324.09
2005-04-18,303.95
2005-04-19,337.62
2005-04-20,354.1
2005-04-21,267.68
2005-04-22,302.41
2005-04-23,327.95
2005-04-24,323.84
2005-04-25,318.03
2005-04-26,336.53
2005-04-27,321.92
2005-04-28,314.65
2005-04-29,299.1
2005-04-30,329.48
2005-05-01,300.28
2005-05-02,312.15
2005-05-03,313.57
2005-05-04,305.13
2005-05-05,283.88
2005-05-06,295.42
2005-05-07,313.72
2005-05-08,296.59
2005-05-09,320.43
2005-05-10,351.52
2005-05-11,349.16
2005-05-12,275.93
2005-05-13,326.83
2005-05-14,375.23
2005-05-15,339.55
2005-05-16,327.59
2005-05-17,336.38
2005-05-18,303.05
2005-05-19,320.73
2005-05-20,320.73
2005-05-21,346.08
2005-05-22,338.78
2005-05-23,340.03
2005-05-24,352.37
2005-05-25,325.04
2005-05-26,336.67
2005-05-27,360.76
2005-05-28,352.81
2005-05-29,341.17
2005-05-30,343.77
2005-05-31,342.3
2005-06-01,345.66
2005-06-02,357.21
2005-06-03,377.45
2005-06-04,401.47
2005-06-05,394.12
2005-06-06,389.92
2005-06-07,375.69
2005-06-08,393.64
2005-06-09,407.53
2005-06-10,411.84
2005-06-11,408.92
2005-06-12,414.31
2005-06-13,423.96
2005-06-14,403.41
2005-06-15,390.62
2005-06-16,374.05
2005-06-17,366.48
2005-06-18,380.09
2005-06-19,370.36
2005-06-20,343.54
2005-06-21,378.18
2005-06-22,348.67
2005-06-23,338.54
2005-06-24,377.88
2005-06-25,408.15
2005-06-26,381.86
2005-06-27,405.92
2005-06-28,413.99
2005-06-29,414.74
2005-06-30,406.68
2005-07-01,394.76
2005-07-02,331.02
2005-07-03,363.55
2005-07-04,405.92
2005-07-05,413.99
2005-07-06,390.46
2005-07-07,373.53
2005-07-08,380.8
2005-07-09,375.62
2005-07-10,355.91
2005-07-11,401.91
2005-07-12,415.0
2005-07-13,420.42
2005-07-14,427.28
2005-07-15,418.73
2005-07-16,428.88
2005-07-17,423.81
2005-07-18,409.51
2005-07-19,389.66
2005-07-20,364.03
2005-07-21,403.62
2005-07-22,398.3
2005-07-23,368.16
2005-07-24,407.53
2005-07-25,381.28
2005-07-26,408.47
2005-07-27,377.45
2005-07-28,348.18
2005-07-29,379.34
2005-07-30,353.53
2005-07-31,381.15
2005-08-01,402.45
2005-08-02,407.76
2005-08-03,396.95
2005-08-04,414.21
2005-08-05,370.66
2005-08-06,356.95
2005-08-07,373.99
2005-08-08,386.62
2005-08-09,399.88
2005-08-10,407.29
2005-08-11,378.29
2005-08-12,417.87
2005-08-13,415.23
2005-08-14,402.23
2005-08-15,362.13
2005-08-16,368.75
2005-08-17,356.72
2005-08-18,382.7
2005-08-19,420.56
2005-08-20,412.73
2005-08-21,366.23
2005-08-22,374.59
2005-08-23,361.49
2005-08-24,333.49
2005-08-25,356.38
2005-08-26,366.91
2005-08-27,400.96
2005-08-28,367.18
2005-08-29,385.87
2005-08-30,394.75
2005-08-31,387.34
2005-09-01,356.77
2005-09-02,356.06
2005-09-03,352.2
2005-09-04,347.16
2005-09-05,334.35
2005-09-06,351.96
2005-09-07,356.56
2005-09-08,373.9
2005-09-09,329.48
2005-09-10,350.32
2005-09-11,350.33
2005-09-12,356.95
2005-09-13,361.56
2005-09-14,390.95
2005-09-15,358.81
2005-09-16,390.89
2005-09-17,361.28
2005-09-18,342.32
2005-09-19,372.38
2005-09-20,352.96
2005-09-21,338.1
2005-09-22,378.52
2005-09-23,329.29
2005-09-24,335.55
2005-09-25,392.88
2005-09-26,385.82
2005-09-27,308.93
2005-09-28,324.63
2005-09-29,326.02
2005-09-30,306.86
2005-10-01,311.47
2005-10-02,333.56
2005-10-03,374.88
2005-10-04,356.88
2005-10-05,342.39
2005-10-06,363.53
2005-10-07,359.55
2005-10-08,324.59
2005-10-09,335.29
2005-10-10,361.22
2005-10-11,364.95
2005-10-12,366.84
2005-10-13,369.89
2005-10-14,351.77
2005-10-15,331.37
2005-10-16,339.55
2005-10-17,321.26
2005-10-18,330.05
2005-10-19,323.24
2005-10-20,300.23
2005-10-21,283.22
2005-10-22,317.92
2005-10-23,317.73
2005-10-24,319.96
2005-10-25,315.24
2005-10-26,309.73
2005-10-27,308.49
2005-10-28,301.07
2005-10-29,271.31
2005-10-30,266.45
2005-10-31,330.32
2005-11-01,318.74
2005-11-02,278.2
2005-11-03,309.53
2005-11-04,304.88
2005-11-05,346.34
2005-11-06,349.59
2005-11-07,305.3
2005-11-08,296.63
2005-11-09,329.06
2005-11-10,297.17
2005-11-11,288.88
2005-11-12,273.07
2005-11-13,316.95
2005-11-14,267.96
2005-11-15,327.18
2005-11-16,322.73
2005-11-17,281.26
2005-11-18,278.42
2005-11-19,270.98
2005-11-20,264.09
2005-11-21,300.86
2005-11-22,265.35
2005-11-23,249.02
2005-11-24,261.43
2005-11-25,245.69
2005-11-26,275.91
2005-11-27,289.16
2005-11-28,330.61
2005-11-29,334.45
2005-11-30,297.83
2005-12-01,284.48
2005-12-02,247.66
2005-12-03,240.12
2005-12-04,272.81
2005-12-05,260.52
2005-12-06,242.65
2005-12-07,222.02
2005-12-08,235.76
2005-12-09,274.68
2005-12-10,260.53
2005-12-11,276.5
2005-12-12,224.94
2005-12-13,231.27
2005-12-14,241.02
2005-12-15,275.51
2005-12-16,263.86
2005-12-17,267.45
2005-12-18,259.85
2005-12-19,210.21
2005-12-20,248.91
2005-12-21,255.34
2005-12-22,273.14
2005-12-23,292.27
2005-12-24,287.57
2005-12-25,291.2
2005-12-26,279.79
2005-12-27,260.34
2005-12-28,287.83
2005-12-29,300.44
2005-12-30,256.41
2005-12-31,281.2
